2022-08-28T20:12:18,dense.1.relu,769,913,10.003205060958862,0.05,0.1,4,1,3652,3836082708,5.222375392913818,1024,1024,1
2022-08-28T20:12:29,dense.1.relu,769,1680,10.002553939819336,0.02,0.1,4,1,6720,3836082708,7.0413031578063965,1024,1024,1
2022-08-28T20:12:40,dense.1.relu,769,2278,10.009453058242798,0.1,0.1,4,1,9112,3836082708,4.7897725105285645,1024,1024,1
2022-08-28T20:12:51,dense.1.relu,769,2800,10.009176015853882,0.2,0.1,4,1,11200,3836082708,4.854976177215576,1024,1024,1
2022-08-28T20:13:02,dense.1.relu-dense.128.tanh,33537,2986,10.010354995727539,0.1,0.1,4,1,11944,3836082708,4.604763984680176,1024,1024,1
2022-08-28T20:13:13,dense.1.relu-dense.128.tanh,33537,3165,10.004165172576904,0.05,0.1,4,1,12660,3836082708,4.475203037261963,1024,1024,1
2022-08-28T20:13:25,dense.1.relu-dense.128.tanh,33537,3313,10.000569820404053,0.02,0.1,4,1,13252,3836082708,4.700809001922607,1024,1024,1
2022-08-28T20:13:36,dense.1.relu-dense.128.tanh-dense.128.tanh,50049,2944,10.00238823890686,0.05,0.1,4,1,11776,3836082708,4.749592304229736,1024,1024,1
2022-08-28T20:13:48,suffix.2-dense.1.relu-dense.128.tanh,33793,3400,10.004662036895752,0.05,0.1,4,1,13600,3836082708,4.484013080596924,1024,1024,1
2022-08-28T20:14:00,gru.1.tanh-dense.128.tanh,34054,2118,10.004204988479614,0.05,0.1,4,1,8472,3836082708,4.508401870727539,1024,1024,1
2022-08-28T20:14:12,lstm.1-dense.128.tanh,34312,1811,10.004831075668335,0.05,0.1,4,1,7244,3836082708,4.46786642074585,1024,1024,1
2022-08-28T20:14:24,lstm.1-dense.128.tanh,34312,1818,10.001621961593628,0.02,0.1,4,1,7272,3836082708,4.900879859924316,1024,1024,1
2022-08-28T20:14:36,lstm.1-dense.128.tanh,34312,1813,10.005015134811401,0.1,0.1,4,1,7252,3836082708,4.657134532928467,1024,1024,1
2022-08-28T20:14:48,lstm.1-dense.128.tanh-dense.128.tanh,50824,1575,10.001430034637451,0.05,0.1,4,1,6300,3836082708,4.700550079345703,1024,1024,1
2022-08-28T20:15:01,suffix.2-lstm.1-dense.128.tanh,35336,1794,10.004853963851929,0.05,0.1,4,1,7176,3836082708,4.456586837768555,1024,1024,1
2022-08-28T20:15:15,suffix.2-lstm.1-dense.128.tanh,35336,1790,10.000147819519043,0.02,0.1,4,1,7160,3836082708,4.7416672706604,1024,1024,1
2022-08-28T20:15:29,suffix.2-lstm.1-dense.128.tanh,35336,1779,10.001901149749756,0.1,0.1,4,1,7116,3836082708,4.6319403648376465,1024,1024,1
2022-08-28T20:15:43,suffix.2-lstm.1-dense.128.tanh-dense.128.tanh,51848,1565,10.002467155456543,0.05,0.1,4,1,6260,3836082708,4.741487503051758,1024,1024,1
2022-08-28T20:15:57,suffix.2-lstm.1,2568,2084,10.003537893295288,0.05,0.1,4,1,8336,3836082708,4.948741436004639,1024,1024,1
2022-08-28T20:16:12,suffix.3-lstm.1-dense.128.tanh,36360,1767,10.00289011001587,0.05,0.1,4,1,7068,3836082708,4.474222660064697,1024,1024,1
2022-08-28T20:16:26,suffix.2-gru.1.tanh-dense.128.tanh,34822,2134,10.002452850341797,0.05,0.1,4,1,8536,3836082708,4.508961200714111,1024,1024,1
2022-08-28T20:16:37,suffix.2-rec.1.tanh-dense.128.tanh,33794,3397,10.002648115158081,0.05,0.1,4,1,13588,3836082708,4.470475196838379,1024,1024,1
2022-08-28T20:16:49,suffix.2-dense.1.tanh-dense.128.tanh,33793,3468,10.008503198623657,0.05,0.1,4,1,13872,3836082708,4.436923503875732,1024,1024,1
2022-08-28T20:17:01,suffix.2-dense.1.tanh-dense.128.tanh,33793,3535,10.011734962463379,0.02,0.1,4,1,14140,3836082708,4.621365547180176,1024,1024,1
2022-08-28T20:17:13,suffix.2-dense.1.tanh-dense.128.tanh,33793,3583,10.002278089523315,0.1,0.1,4,1,14332,3836082708,4.596004009246826,1024,1024,1
2022-08-28T20:17:25,suffix.2-dense.1.tanh-dense.128.tanh-dense.128.tanh,50305,2947,10.001029253005981,0.05,0.1,4,1,11788,3836082708,4.454964637756348,1024,1024,1
2022-08-28T20:17:37,suffix.2-dense.1.tanh,1025,3875,10.009334087371826,0.05,0.1,4,1,15500,3836082708,4.775902271270752,1024,1024,1
2022-08-28T20:17:48,dense.1.tanh-dense.128.tanh,33537,3811,10.001935958862305,0.05,0.1,4,1,15244,3836082708,4.493079662322998,1024,1024,1
2022-08-28T20:18:01,suffix.3-dense.1.tanh-dense.128.tanh,34049,3757,10.002131938934326,0.05,0.1,4,1,15028,3836082708,4.475488185882568,1024,1024,1
2022-08-28T20:18:13,suffix.2-dense.2.tanh-dense.128.tanh,34434,3602,10.001889944076538,0.05,0.1,4,1,14408,3836082708,4.239040851593018,1024,1024,1
2022-08-28T20:18:24,suffix.2-dense.2.tanh-dense.128.tanh,34434,3798,10.001686811447144,0.02,0.1,4,1,15192,3836082708,4.482278347015381,1024,1024,1
2022-08-28T20:18:36,suffix.2-dense.2.tanh-dense.128.tanh,34434,3792,10.000092029571533,0.1,0.1,4,1,15168,3836082708,4.427718162536621,1024,1024,1
2022-08-28T20:18:48,suffix.2-dense.2.tanh-dense.128.tanh-dense.128.tanh,50946,2946,10.00185227394104,0.05,0.1,4,1,11784,3836082708,4.36893892288208,1024,1024,1
2022-08-28T20:19:00,suffix.2-dense.2.tanh,1794,4096,10.001683950424194,0.05,0.1,4,1,16384,3836082708,4.704975128173828,1024,1024,1
2022-08-28T20:19:11,dense.2.tanh-dense.128.tanh,33922,825,10.000019073486328,0.05,0.1,4,1,3300,3836082708,4.551774024963379,1024,1024,1
2022-08-28T20:19:23,suffix.3-dense.2.tanh-dense.128.tanh,34946,1454,10.006824970245361,0.05,0.1,4,1,5816,3836082708,4.348823547363281,1024,1024,1
2022-08-28T20:19:35,suffix.2-gru.2.tanh-dense.128.tanh,36498,1661,10.011107206344604,0.05,0.1,4,1,6644,3836082708,4.328310489654541,1024,1024,1
2022-08-28T20:19:47,suffix.2-lstm.2-dense.128.tanh,37528,1692,10.004708051681519,0.05,0.1,4,1,6768,3836082708,4.31130313873291,1024,1024,1
2022-08-28T20:19:59,suffix.2-rec.2.tanh-dense.128.tanh,34438,2077,10.009925127029419,0.05,0.1,4,1,8308,3836082708,4.272996425628662,1024,1024,1
2022-08-28T20:20:11,suffix.2-dense.4.tanh-dense.128.tanh,35716,2402,10.000053882598877,0.05,0.1,4,1,9608,3836082708,4.0186381340026855,1024,1024,1
2022-08-28T20:20:22,suffix.2-dense.4.tanh-dense.128.tanh,35716,2685,10.00113320350647,0.02,0.1,4,1,10740,3836082708,4.454242706298828,1024,1024,1
2022-08-28T20:20:34,suffix.2-dense.4.tanh-dense.128.tanh,35716,2907,10.009439945220947,0.1,0.1,4,1,11628,3836082708,4.311922073364258,1024,1024,1
2022-08-28T20:20:46,suffix.2-dense.4.tanh-dense.128.tanh-dense.128.tanh,52228,2913,10.006983041763306,0.05,0.1,4,1,11652,3836082708,4.183610916137695,1024,1024,1
2022-08-28T20:20:57,suffix.2-dense.4.tanh,3332,3295,10.009220838546753,0.05,0.1,4,1,13180,3836082708,4.583217620849609,1024,1024,1
2022-08-28T20:21:08,dense.4.tanh-dense.128.tanh,34692,3368,10.011254072189331,0.05,0.1,4,1,13472,3836082708,4.079251766204834,1024,1024,1
2022-08-28T20:21:20,suffix.3-dense.4.tanh-dense.128.tanh,36740,3425,10.000243902206421,0.05,0.1,4,1,13700,3836082708,4.040245056152344,1024,1024,1
2022-08-28T20:21:32,suffix.2-gru.4.tanh-dense.128.tanh,39868,2051,10.002034187316895,0.05,0.1,4,1,8204,3836082708,4.1092610359191895,1024,1024,1
2022-08-28T20:21:44,suffix.2-lstm.4-dense.128.tanh,41936,1739,10.0033700466156,0.05,0.1,4,1,6956,3836082708,4.117455959320068,1024,1024,1
2022-08-28T20:21:56,suffix.2-rec.4.tanh-dense.128.tanh,35732,3342,10.000460147857666,0.05,0.1,4,1,13368,3836082708,4.011600971221924,1024,1024,1
2022-08-28T20:22:07,suffix.2-rec.4.tanh-dense.128.tanh,35732,3322,10.00256085395813,0.02,0.1,4,1,13288,3836082708,4.2906999588012695,1024,1024,1
2022-08-28T20:22:19,suffix.2-rec.4.tanh-dense.128.tanh,35732,3343,10.002061128616333,0.1,0.1,4,1,13372,3836082708,4.289653301239014,1024,1024,1
2022-08-28T20:22:31,suffix.2-rec.4.tanh-dense.128.tanh-dense.128.tanh,52244,2692,10.003387689590454,0.05,0.1,4,1,10768,3836082708,4.0763702392578125,1024,1024,1
2022-08-28T20:22:42,suffix.2-rec.4.tanh,3348,3638,10.003190040588379,0.05,0.1,4,1,14552,3836082708,4.557276248931885,1024,1024,1
2022-08-28T20:22:53,rec.4.tanh-dense.128.tanh,34708,3375,10.002663850784302,0.05,0.1,4,1,13500,3836082708,4.0672125816345215,1024,1024,1
2022-08-28T20:23:05,suffix.3-rec.4.tanh-dense.128.tanh,36756,3360,10.00072717666626,0.05,0.1,4,1,13440,3836082708,4.026169776916504,1024,1024,1
2022-08-28T20:23:17,suffix.2-rec.8.tanh-dense.128.tanh,38344,3134,10.002636909484863,0.05,0.1,4,1,12536,3836082708,3.9474475383758545,1024,1024,1
2022-08-28T20:23:29,suffix.2-rec.8.tanh-dense.128.tanh,38344,3318,10.000829219818115,0.02,0.1,4,1,13272,3836082708,4.251380920410156,1024,1024,1
2022-08-28T20:23:40,suffix.2-rec.8.tanh-dense.128.tanh,38344,3301,10.000706195831299,0.1,0.1,4,1,13204,3836082708,4.392512798309326,1024,1024,1
2022-08-28T20:23:52,suffix.2-rec.8.tanh-dense.128.tanh-dense.128.tanh,54856,2666,10.001727104187012,0.05,0.1,4,1,10664,3836082708,4.099755764007568,1024,1024,1
2022-08-28T20:24:04,suffix.2-rec.8.tanh,6472,3792,10.010981798171997,0.05,0.1,4,1,15168,3836082708,4.145899772644043,1024,1024,1
2022-08-28T20:24:15,rec.8.tanh-dense.128.tanh,36296,3280,10.000996112823486,0.05,0.1,4,1,13120,3836082708,4.013652801513672,1024,1024,1
2022-08-28T20:24:27,suffix.3-rec.8.tanh-dense.128.tanh,40392,3241,10.001667976379395,0.05,0.1,4,1,12964,3836082708,3.9833970069885254,1024,1024,1
2022-08-28T20:24:39,suffix.2-gru.8.tanh-dense.128.tanh,46680,2047,10.001336097717285,0.05,0.1,4,1,8188,3836082708,3.975186586380005,1024,1024,1
2022-08-28T20:24:52,suffix.2-lstm.8-dense.128.tanh,50848,1713,10.004717826843262,0.05,0.1,4,1,6852,3836082708,4.155227184295654,1024,1024,1
2022-08-28T20:25:03,suffix.2-dense.8.tanh-dense.128.tanh,38280,3669,10.000136852264404,0.05,0.1,4,1,14676,3836082708,3.952909469604492,1024,1024,1
2022-08-28T20:25:15,suffix.2-rec.16.tanh-dense.128.tanh,43664,3093,10.001877069473267,0.05,0.1,4,1,12372,3836082708,4.015495300292969,1024,1024,1
2022-08-28T20:25:27,suffix.2-rec.8.sigmoid-dense.128.tanh,38344,3320,10.00221300125122,0.05,0.1,4,1,13280,3836082708,4.167754650115967,1024,1024,1
2022-08-28T20:25:39,suffix.2-rec.8.relu-dense.128.tanh,38344,3326,10.000026941299438,0.05,0.1,4,1,13304,3836082708,3.9846253395080566,1024,1024,1
2022-08-28T20:25:51,suffix.2-rec.8.tanh-gru.128.tanh,89800,1773,10.004305124282837,0.05,0.1,4,1,7092,3836082708,4.246982574462891,1024,1024,1
2022-08-28T20:26:05,suffix.2-rec.8.tanh-lstm.128,107336,1462,10.005187749862671,0.05,0.1,4,1,5848,3836082708,1399.08447265625,1024,1024,1
2022-08-28T20:26:17,suffix.2-rec.8.tanh-rec.128.tanh,54728,2887,10.000152826309204,0.05,0.1,4,1,11548,3836082708,4.2797746658325195,1024,1024,1
2022-08-28T20:26:28,suffix.2-rec.8.tanh-dense.64.tanh,21384,3315,10.001753091812134,0.05,0.1,4,1,13260,3836082708,3.960202932357788,1024,1024,1
2022-08-28T20:26:40,suffix.2-rec.8.tanh-dense.256.tanh,72264,3083,10.001219034194946,0.05,0.1,4,1,12332,3836082708,4.0441975593566895,1024,1024,1
2022-08-28T20:26:52,suffix.2-rec.8.tanh-dense.128.sigmoid,38344,3306,10.000013828277588,0.05,0.1,4,1,13224,3836082708,4.115197658538818,1024,1024,1
2022-08-28T20:27:04,suffix.2-rec.8.tanh-dense.128.relu,38344,3330,10.002753973007202,0.05,0.1,4,1,13320,3836082708,3.831838846206665,1024,1024,1
2022-08-28T20:27:15,suffix.2-rec.8.tanh-dense.128.relu,38344,3271,10.00111198425293,0.02,0.1,4,1,13084,3836082708,4.249481201171875,1024,1024,1
2022-08-28T20:27:27,suffix.2-rec.8.tanh-dense.128.relu,38344,3221,10.001577138900757,0.1,0.1,4,1,12884,3836082708,4.121506214141846,1024,1024,1
2022-08-28T20:27:39,suffix.2-rec.8.tanh-dense.128.relu-dense.128.tanh,54856,2564,10.000615119934082,0.05,0.1,4,1,10256,3836082708,3.9658946990966797,1024,1024,1
2022-08-28T20:27:50,rec.8.tanh-dense.128.relu,36296,3267,10.000519752502441,0.05,0.1,4,1,13068,3836082708,3.9118258953094482,1024,1024,1
2022-08-28T20:28:02,suffix.3-rec.8.tanh-dense.128.relu,40392,3295,10.000911235809326,0.05,0.1,4,1,13180,3836082708,3.937492847442627,1024,1024,1
2022-08-28T20:28:14,suffix.2-gru.8.tanh-dense.128.relu,46680,2010,10.000202178955078,0.05,0.1,4,1,8040,3836082708,4.047897815704346,1024,1024,1
2022-08-28T20:28:26,suffix.2-lstm.8-dense.128.relu,50848,1686,10.000349044799805,0.05,0.1,4,1,6744,3836082708,4.0271806716918945,1024,1024,1
2022-08-28T20:28:38,suffix.2-dense.8.tanh-dense.128.relu,38280,3671,10.000020980834961,0.05,0.1,4,1,14684,3836082708,3.8908958435058594,1024,1024,1
2022-08-28T20:28:50,suffix.2-rec.4.tanh-dense.128.relu,35732,3343,10.00260877609253,0.05,0.1,4,1,13372,3836082708,3.9755451679229736,1024,1024,1
2022-08-28T20:29:01,suffix.2-rec.16.tanh-dense.128.relu,43664,3256,10.0003080368042,0.05,0.1,4,1,13024,3836082708,3.8378608226776123,1024,1024,1
2022-08-28T20:29:13,suffix.2-rec.8.sigmoid-dense.128.relu,38344,3311,10.000683546066284,0.05,0.1,4,1,13244,3836082708,4.129708290100098,1024,1024,1
2022-08-28T20:29:24,suffix.2-rec.8.relu-dense.128.relu,38344,3292,10.002511024475098,0.05,0.1,4,1,13168,3836082708,3.9510278701782227,1024,1024,1
2022-08-28T20:29:36,suffix.2-rec.8.tanh-rec.128.relu,54728,2890,10.00289511680603,0.05,0.1,4,1,11560,3836082708,4.126881122589111,1024,1024,1
2022-08-28T20:29:48,suffix.2-rec.8.tanh-dense.64.relu,21384,3425,10.001891851425171,0.05,0.1,4,1,13700,3836082708,3.9256391525268555,1024,1024,1
2022-08-28T20:30:00,suffix.2-rec.8.tanh-dense.256.relu,72264,3142,10.000903844833374,0.05,0.1,4,1,12568,3836082708,3.9129116535186768,1024,1024,1
2022-08-28T20:30:11,suffix.2-rec.8.tanh-dense.128.relu,38344,3049,10.001978874206543,0.05,0.1,4,2,24392,3836082708,3.765643358230591,1024,1024,1
2022-08-28T20:30:23,suffix.2-rec.8.tanh-dense.128.relu,38344,3061,10.00239109992981,0.02,0.1,4,2,24488,3836082708,4.053675651550293,1024,1024,1
2022-08-28T20:30:34,suffix.2-rec.8.tanh-dense.128.relu,38344,3064,10.00049901008606,0.1,0.1,4,2,24512,3836082708,3.89106822013855,1024,1024,1
2022-08-28T20:30:46,suffix.2-rec.8.tanh-dense.128.relu-dense.128.tanh,54856,2420,10.003033876419067,0.05,0.1,4,2,19360,3836082708,3.775514841079712,1024,1024,1
2022-08-28T20:30:58,suffix.2-rec.8.tanh,6472,3906,10.002559900283813,0.05,0.1,4,2,31248,3836082708,3.950427770614624,1024,1024,1
2022-08-28T20:31:09,rec.8.tanh-dense.128.relu,36296,3092,10.00161075592041,0.05,0.1,4,2,24736,3836082708,3.812130928039551,1024,1024,1
2022-08-28T20:31:21,suffix.3-rec.8.tanh-dense.128.relu,40392,3051,10.002693176269531,0.05,0.1,4,2,24408,3836082708,3.730484962463379,1024,1024,1
2022-08-28T20:31:33,suffix.3-rec.8.tanh-dense.128.relu,40392,3025,10.002315044403076,0.02,0.1,4,2,24200,3836082708,4.0719099044799805,1024,1024,1
2022-08-28T20:31:44,suffix.3-rec.8.tanh-dense.128.relu,40392,3026,10.002111911773682,0.1,0.1,4,2,24208,3836082708,4.003361225128174,1024,1024,1
2022-08-28T20:31:56,suffix.3-rec.8.tanh-dense.128.relu-dense.128.tanh,56904,2357,10.003014326095581,0.05,0.1,4,2,18856,3836082708,3.830111026763916,1024,1024,1
2022-08-28T20:32:08,suffix.3-rec.8.tanh,8520,3985,10.009773015975952,0.05,0.1,4,2,31880,3836082708,4.0277533531188965,1024,1024,1
2022-08-28T20:32:20,suffix.4-rec.8.tanh-dense.128.relu,42440,2964,10.001458883285522,0.05,0.1,4,2,23712,3836082708,3.774742841720581,1024,1024,1
2022-08-28T20:32:32,suffix.3-gru.8.tanh-dense.128.relu,52824,1850,10.001399040222168,0.05,0.1,4,2,14800,3836082708,3.853396415710449,1024,1024,1
2022-08-28T20:32:45,suffix.3-lstm.8-dense.128.relu,59040,1601,10.003994941711426,0.05,0.1,4,2,12808,3836082708,3.853388547897339,1024,1024,1
2022-08-28T20:32:57,suffix.3-dense.8.tanh-dense.128.relu,40328,3396,10.002394199371338,0.05,0.1,4,2,27168,3836082708,3.8102896213531494,1024,1024,1
2022-08-28T20:33:08,suffix.3-rec.4.tanh-dense.128.relu,36756,3068,10.002088785171509,0.05,0.1,4,2,24544,3836082708,3.857836961746216,1024,1024,1
2022-08-28T20:33:20,suffix.3-rec.16.tanh-dense.128.relu,47760,2900,10.003123998641968,0.05,0.1,4,2,23200,3836082708,3.7694554328918457,1024,1024,1
2022-08-28T20:33:32,suffix.3-rec.8.sigmoid-dense.128.relu,40392,3060,10.00149416923523,0.05,0.1,4,2,24480,3836082708,4.024681091308594,1024,1024,1
2022-08-28T20:33:44,suffix.3-rec.8.relu-dense.128.relu,40392,3051,10.000444173812866,0.05,0.1,4,2,24408,3836082708,3.86051869392395,1024,1024,1
2022-08-28T20:33:57,suffix.3-rec.8.tanh-gru.128.tanh,91848,1559,10.003956079483032,0.05,0.1,4,2,12472,3836082708,3.9968791007995605,1024,1024,1
2022-08-28T20:34:11,suffix.3-rec.8.tanh-lstm.128,109384,1235,10.005499124526978,0.05,0.1,4,2,9880,3836082708,198.97752380371094,1024,1024,1
2022-08-28T20:34:23,suffix.3-rec.8.tanh-rec.128.relu,56776,2583,10.003514051437378,0.05,0.1,4,2,20664,3836082708,3.99994158744812,1024,1024,1
2022-08-28T20:34:34,suffix.3-rec.8.tanh-dense.64.relu,23432,3226,10.001520156860352,0.05,0.1,4,2,25808,3836082708,3.7618534564971924,1024,1024,1
2022-08-28T20:34:46,suffix.3-rec.8.tanh-dense.256.relu,74312,2769,10.002447128295898,0.05,0.1,4,2,22152,3836082708,3.7078468799591064,1024,1024,1
2022-08-28T20:34:58,suffix.3-rec.8.tanh-dense.256.relu,74312,2774,10.002973794937134,0.02,0.1,4,2,22192,3836082708,4.037117958068848,1024,1024,1
2022-08-28T20:35:10,suffix.3-rec.8.tanh-dense.256.relu,74312,2796,10.001198053359985,0.1,0.1,4,2,22368,3836082708,4.0092926025390625,1024,1024,1
2022-08-28T20:35:23,suffix.3-rec.8.tanh-dense.256.relu-dense.128.tanh,74440,2246,10.001758098602295,0.05,0.1,4,2,17968,3836082708,3.8837924003601074,1024,1024,1
2022-08-28T20:35:35,suffix.2-rec.8.tanh-dense.256.relu,72264,2830,10.001309871673584,0.05,0.1,4,2,22640,3836082708,3.7504448890686035,1024,1024,1
2022-08-28T20:35:47,suffix.4-rec.8.tanh-dense.256.relu,76360,2790,10.00215196609497,0.05,0.1,4,2,22320,3836082708,3.755915403366089,1024,1024,1
2022-08-28T20:35:59,suffix.3-gru.8.tanh-dense.256.relu,86744,1815,10.001673936843872,0.05,0.1,4,2,14520,3836082708,3.819236993789673,1024,1024,1
2022-08-28T20:36:12,suffix.3-lstm.8-dense.256.relu,92960,1534,10.00434684753418,0.05,0.1,4,2,12272,3836082708,3.907668352127075,1024,1024,1
2022-08-28T20:36:24,suffix.3-dense.8.tanh-dense.256.relu,74248,3093,10.001723051071167,0.05,0.1,4,2,24744,3836082708,3.7410731315612793,1024,1024,1
2022-08-28T20:36:36,suffix.3-rec.4.tanh-dense.256.relu,70164,2833,10.003191232681274,0.05,0.1,4,2,22664,3836082708,3.8607280254364014,1024,1024,1
2022-08-28T20:36:48,suffix.3-rec.16.tanh-dense.256.relu,82704,2705,10.002456665039062,0.05,0.1,4,2,21640,3836082708,3.673968553543091,1024,1024,1
2022-08-28T20:37:01,suffix.3-rec.16.tanh-dense.256.relu,82704,2739,10.00255298614502,0.02,0.1,4,2,21912,3836082708,3.9502313137054443,1024,1024,1
2022-08-28T20:37:13,suffix.3-rec.16.tanh-dense.256.relu,82704,2738,10.003267049789429,0.1,0.1,4,2,21904,3836082708,4.081107139587402,1024,1024,1
2022-08-28T20:37:25,suffix.3-rec.16.tanh-dense.256.relu-dense.128.tanh,82832,2278,10.000078916549683,0.05,0.1,4,2,18224,3836082708,3.8471477031707764,1024,1024,1
2022-08-28T20:37:36,suffix.3-rec.16.tanh,16912,3555,10.01115083694458,0.05,0.1,4,2,28440,3836082708,3.922724485397339,1024,1024,1
2022-08-28T20:37:48,suffix.2-rec.16.tanh-dense.256.relu,78608,2781,10.00199580192566,0.05,0.1,4,2,22248,3836082708,3.7249515056610107,1024,1024,1
2022-08-28T20:38:01,suffix.4-rec.16.tanh-dense.256.relu,86800,2653,10.002295017242432,0.05,0.1,4,2,21224,3836082708,3.720414876937866,1024,1024,1
2022-08-28T20:38:13,suffix.3-gru.16.tanh-dense.256.relu,107824,1713,10.004531860351562,0.05,0.1,4,2,13704,3836082708,3.8330392837524414,1024,1024,1
2022-08-28T20:38:27,suffix.3-lstm.16-dense.256.relu,120384,1438,10.004779815673828,0.05,0.1,4,2,11504,3836082708,3.94279408454895,1024,1024,1
2022-08-28T20:38:39,suffix.3-dense.16.tanh-dense.256.relu,82448,2970,10.000744104385376,0.05,0.1,4,2,23760,3836082708,3.6779706478118896,1024,1024,1
2022-08-28T20:38:51,suffix.3-rec.32.tanh-dense.256.relu,99872,2544,10.001536130905151,0.05,0.1,4,2,20352,3836082708,3.7598066329956055,1024,1024,1
2022-08-28T20:39:03,suffix.3-rec.16.sigmoid-dense.256.relu,82704,2735,10.002881050109863,0.05,0.1,4,2,21880,3836082708,3.9351751804351807,1024,1024,1
2022-08-28T20:39:15,suffix.3-rec.16.relu-dense.256.relu,82704,2737,10.001052856445312,0.05,0.1,4,2,21896,3836082708,3.737027883529663,1024,1024,1
2022-08-28T20:39:30,suffix.3-rec.16.tanh-gru.256.tanh,288016,1223,10.006326913833618,0.05,0.1,4,2,9784,3836082708,4.040436267852783,1024,1024,1
2022-08-28T20:39:46,suffix.3-rec.16.tanh-lstm.256,357904,1020,10.00319790840149,0.05,0.1,4,2,8160,3836082708,70.73506927490234,1024,1024,1
2022-08-28T20:39:59,suffix.3-rec.16.tanh-rec.256.relu,148240,2181,10.000616073608398,0.05,0.1,4,2,17448,3836082708,4.001677513122559,1024,1024,1
2022-08-28T20:40:12,suffix.3-rec.16.tanh-dense.512.relu,152592,1988,10.004417896270752,0.05,0.1,4,2,15904,3836082708,3.720597743988037,1024,1024,1
2022-08-28T20:40:24,suffix.3-rec.16.tanh-dense.256.tanh,82704,2704,10.001671075820923,0.05,0.1,4,2,21632,3836082708,3.9123401641845703,1024,1024,1
2022-08-28T20:40:36,suffix.3-rec.16.tanh-dense.256.sigmoid,82704,2533,10.002261877059937,0.05,0.1,4,2,20264,3836082708,3.9360408782958984,1024,1024,1
2022-08-28T20:40:48,suffix.3-rec.16.tanh-dense.256.relu,82704,3094,10.000486135482788,0.05,0.1,4,1,12376,3836082708,3.862543821334839,1024,1024,1
2022-08-28T20:41:00,suffix.3-rec.16.tanh-dense.256.relu,82704,2787,10.000707149505615,0.05,0.1,4,4,44592,3836082708,3.5163230895996094,1024,1024,1
2022-08-28T20:41:12,suffix.3-rec.16.tanh-dense.256.relu,82704,2752,10.001100063323975,0.02,0.1,4,4,44032,3836082708,3.808696746826172,1024,1024,1
2022-08-28T20:41:24,suffix.3-rec.16.tanh-dense.256.relu,82704,2761,10.000679969787598,0.1,0.1,4,4,44176,3836082708,3.797504186630249,1024,1024,1
2022-08-28T20:41:36,suffix.3-rec.16.tanh-dense.256.relu-dense.128.tanh,82832,2308,10.001474142074585,0.05,0.1,4,4,36928,3836082708,3.6177072525024414,1024,1024,1
2022-08-28T20:41:48,suffix.3-rec.16.tanh,16912,3674,10.009122848510742,0.05,0.1,4,4,58784,3836082708,3.760890007019043,1024,1024,1
2022-08-28T20:42:00,suffix.2-rec.16.tanh-dense.256.relu,78608,2405,10.000557899475098,0.05,0.1,4,4,38480,3836082708,3.5444092750549316,1024,1024,1
2022-08-28T20:42:12,suffix.4-rec.16.tanh-dense.256.relu,86800,2749,10.002175092697144,0.05,0.1,4,4,43984,3836082708,3.585557460784912,1024,1024,1
2022-08-28T20:42:25,suffix.3-gru.16.tanh-dense.256.relu,107824,1745,10.00218391418457,0.05,0.1,4,4,27920,3836082708,3.594766855239868,1024,1024,1
2022-08-28T20:42:38,suffix.3-lstm.16-dense.256.relu,120384,1465,10.001838684082031,0.05,0.1,4,4,23440,3836082708,3.7218589782714844,1024,1024,1
2022-08-28T20:42:50,suffix.3-dense.16.tanh-dense.256.relu,82448,3024,10.00289511680603,0.05,0.1,4,4,48384,3836082708,3.5323116779327393,1024,1024,1
2022-08-28T20:43:02,suffix.3-rec.8.tanh-dense.256.relu,74312,2801,10.002170085906982,0.05,0.1,4,4,44816,3836082708,3.6266255378723145,1024,1024,1
2022-08-28T20:43:14,suffix.3-rec.32.tanh-dense.256.relu,99872,2673,10.000846147537231,0.05,0.1,4,4,42768,3836082708,3.537846088409424,1024,1024,1
2022-08-28T20:43:27,suffix.3-rec.16.sigmoid-dense.256.relu,82704,2751,10.00009822845459,0.05,0.1,4,4,44016,3836082708,3.7610669136047363,1024,1024,1
2022-08-28T20:43:39,suffix.3-rec.16.relu-dense.256.relu,82704,2784,10.001968145370483,0.05,0.1,4,4,44544,3836082708,3.6318507194519043,1024,1024,1
2022-08-28T20:43:53,suffix.3-rec.16.tanh-gru.256.tanh,288016,1127,10.004780054092407,0.05,0.1,4,4,18032,3836082708,3.928050994873047,1024,1024,1
2022-08-28T20:44:09,suffix.3-rec.16.tanh-lstm.256,357904,950,10.004167079925537,0.05,0.1,4,4,15200,3836082708,622.7813720703125,1024,1024,1
2022-08-28T20:44:22,suffix.3-rec.16.tanh-rec.256.relu,148240,2075,10.003220319747925,0.05,0.1,4,4,33200,3836082708,3.701537847518921,1024,1024,1
2022-08-28T20:44:34,suffix.3-rec.16.tanh-dense.128.relu,47760,3002,10.000150680541992,0.05,0.1,4,4,48032,3836082708,3.603654623031616,1024,1024,1
2022-08-28T20:44:46,suffix.3-rec.16.tanh-dense.512.relu,152592,1996,10.002953290939331,0.05,0.1,4,4,31936,3836082708,3.623765468597412,1024,1024,1
2022-08-28T20:44:58,suffix.3-rec.16.tanh-dense.256.tanh,82704,2762,10.001146793365479,0.05,0.1,4,4,44192,3836082708,3.7308967113494873,1024,1024,1
2022-08-28T20:45:11,suffix.3-rec.16.tanh-dense.256.sigmoid,82704,2731,10.0003080368042,0.05,0.1,4,4,43696,3836082708,3.7648277282714844,1024,1024,1
2022-08-28T20:45:23,suffix.3-rec.16.tanh-dense.256.relu,82704,2494,10.002654075622559,0.05,0.1,4,8,79808,3836082708,3.488949775695801,1024,1024,1
2022-08-28T20:45:35,suffix.3-rec.16.tanh-dense.256.relu,82704,2521,10.003287076950073,0.02,0.1,4,8,80672,3836082708,3.6981277465820312,1024,1024,1
2022-08-28T20:45:47,suffix.3-rec.16.tanh-dense.256.relu,82704,2518,10.002295017242432,0.1,0.1,4,8,80576,3836082708,3.6490235328674316,1024,1024,1
2022-08-28T20:45:59,suffix.3-rec.16.tanh-dense.256.relu-dense.128.tanh,82832,2204,10.002382040023804,0.05,0.1,4,8,70528,3836082708,3.471376657485962,1024,1024,1
2022-08-28T20:46:11,suffix.3-rec.16.tanh-dense.256.relu-dense.128.tanh,82832,2208,10.002500772476196,0.02,0.1,4,8,70656,3836082708,3.6350576877593994,1024,1024,1
2022-08-28T20:46:24,suffix.3-rec.16.tanh-dense.256.relu-dense.128.tanh,82832,2188,10.001995086669922,0.1,0.1,4,8,70016,3836082708,3.773885488510132,1024,1024,1
2022-08-28T20:46:36,suffix.3-rec.16.tanh-dense.256.relu-dense.128.tanh-dense.128.tanh,99344,1839,10.004780054092407,0.05,0.1,4,8,58848,3836082708,3.5224897861480713,1024,1024,1
2022-08-28T20:46:48,suffix.2-rec.16.tanh-dense.256.relu-dense.128.tanh,78736,2189,10.002501964569092,0.05,0.1,4,8,70048,3836082708,3.5493996143341064,1024,1024,1
2022-08-28T20:47:01,suffix.4-rec.16.tanh-dense.256.relu-dense.128.tanh,86928,2107,10.002320051193237,0.05,0.1,4,8,67424,3836082708,3.5480246543884277,1024,1024,1
2022-08-28T20:47:13,suffix.3-gru.16.tanh-dense.256.relu-dense.128.tanh,107952,1426,10.001407146453857,0.05,0.1,4,8,45632,3836082708,3.580953598022461,1024,1024,1
2022-08-28T20:47:27,suffix.3-lstm.16-dense.256.relu-dense.128.tanh,120512,1221,10.003611087799072,0.05,0.1,4,8,39072,3836082708,3.6116514205932617,1024,1024,1
2022-08-28T20:47:39,suffix.3-dense.16.tanh-dense.256.relu-dense.128.tanh,82576,2380,10.001906871795654,0.05,0.1,4,8,76160,3836082708,3.4829788208007812,1024,1024,1
2022-08-28T20:47:51,suffix.3-rec.8.tanh-dense.256.relu-dense.128.tanh,74440,2240,10.002621173858643,0.05,0.1,4,8,71680,3836082708,3.598701238632202,1024,1024,1
2022-08-28T20:48:03,suffix.3-rec.32.tanh-dense.256.relu-dense.128.tanh,100000,2129,10.004201889038086,0.05,0.1,4,8,68128,3836082708,3.5047667026519775,1024,1024,1
2022-08-28T20:48:16,suffix.3-rec.16.sigmoid-dense.256.relu-dense.128.tanh,82832,2203,10.000516891479492,0.05,0.1,4,8,70496,3836082708,3.6650867462158203,1024,1024,1
2022-08-28T20:48:28,suffix.3-rec.16.relu-dense.256.relu-dense.128.tanh,82832,2212,10.000449180603027,0.05,0.1,4,8,70784,3836082708,3.5201053619384766,1024,1024,1
2022-08-28T20:48:43,suffix.3-rec.16.tanh-gru.256.tanh-dense.128.tanh,288144,1037,10.006886959075928,0.05,0.1,4,8,33184,3836082708,3.7331817150115967,1024,1024,1
2022-08-28T20:48:59,suffix.3-rec.16.tanh-lstm.256-dense.128.tanh,358032,829,10.007633924484253,0.05,0.1,4,8,26528,3836082708,4.425665378570557,1024,1024,1
2022-08-28T20:49:12,suffix.3-rec.16.tanh-rec.256.relu-dense.128.tanh,148368,1746,10.001537084579468,0.05,0.1,4,8,55872,3836082708,3.586259603500366,1024,1024,1
2022-08-28T20:49:24,suffix.3-rec.16.tanh-dense.128.relu-dense.128.tanh,64272,2274,10.001941919326782,0.05,0.1,4,8,72768,3836082708,3.5055296421051025,1024,1024,1
2022-08-28T20:49:36,suffix.3-rec.16.tanh-dense.512.relu-dense.128.tanh,119952,1973,10.00429916381836,0.05,0.1,4,8,63136,3836082708,3.5173611640930176,1024,1024,1
2022-08-28T20:49:49,suffix.3-rec.16.tanh-dense.256.tanh-dense.128.tanh,82832,2187,10.002519845962524,0.05,0.1,4,8,69984,3836082708,3.611611843109131,1024,1024,1
2022-08-28T20:50:01,suffix.3-rec.16.tanh-dense.256.sigmoid-dense.128.tanh,82832,2203,10.00298810005188,0.05,0.1,4,8,70496,3836082708,3.785662889480591,1024,1024,1
2022-08-28T20:50:15,suffix.3-rec.16.tanh-dense.256.relu-gru.128.tanh,197776,1123,10.001585960388184,0.05,0.1,4,8,35936,3836082708,3.603365898132324,1024,1024,1
2022-08-28T20:50:30,suffix.3-rec.16.tanh-dense.256.relu-lstm.128,247056,932,10.0084810256958,0.05,0.1,4,8,29824,3836082708,19.89052391052246,1024,1024,1
2022-08-28T20:50:42,suffix.3-rec.16.tanh-dense.256.relu-rec.128.tanh,99216,1917,10.002050161361694,0.05,0.1,4,8,61344,3836082708,3.662065029144287,1024,1024,1
2022-08-28T20:50:54,suffix.3-rec.16.tanh-dense.256.relu-dense.64.tanh,50000,2360,10.001812219619751,0.05,0.1,4,8,75520,3836082708,3.4835267066955566,1024,1024,1
2022-08-28T20:51:07,suffix.3-rec.16.tanh-dense.256.relu-dense.256.tanh,148496,1816,10.002762079238892,0.05,0.1,4,8,58112,3836082708,3.5099475383758545,1024,1024,1
2022-08-28T20:51:19,suffix.3-rec.16.tanh-dense.256.relu-dense.128.sigmoid,82832,2202,10.003582954406738,0.05,0.1,4,8,70464,3836082708,3.535573959350586,1024,1024,1
2022-08-28T20:51:32,suffix.3-rec.16.tanh-dense.256.relu-dense.128.relu,82832,2177,10.003891944885254,0.05,0.1,4,8,69664,3836082708,3.468418836593628,1024,1024,1
2022-08-28T20:51:44,suffix.3-rec.16.tanh-dense.256.relu-dense.128.relu,82832,2161,10.000859022140503,0.02,0.1,4,8,69152,3836082708,3.643432378768921,1024,1024,1
2022-08-28T20:51:56,suffix.3-rec.16.tanh-dense.256.relu-dense.128.relu,82832,2188,10.00173020362854,0.1,0.1,4,8,70016,3836082708,3.6896438598632812,1024,1024,1
2022-08-28T20:52:08,suffix.3-rec.16.tanh-dense.256.relu-dense.128.relu-dense.128.tanh,99344,1809,10.004398107528687,0.05,0.1,4,8,57888,3836082708,3.5898191928863525,1024,1024,1
2022-08-28T20:52:20,suffix.2-rec.16.tanh-dense.256.relu-dense.128.relu,78736,2225,10.000661134719849,0.05,0.1,4,8,71200,3836082708,3.4950919151306152,1024,1024,1
2022-08-28T20:52:33,suffix.4-rec.16.tanh-dense.256.relu-dense.128.relu,86928,2155,10.00101089477539,0.05,0.1,4,8,68960,3836082708,3.515148878097534,1024,1024,1
2022-08-28T20:52:46,suffix.3-gru.16.tanh-dense.256.relu-dense.128.relu,107952,1436,10.003829956054688,0.05,0.1,4,8,45952,3836082708,3.5320775508880615,1024,1024,1
2022-08-28T20:52:59,suffix.3-lstm.16-dense.256.relu-dense.128.relu,120512,1206,10.00112795829773,0.05,0.1,4,8,38592,3836082708,3.630587339401245,1024,1024,1
2022-08-28T20:53:11,suffix.3-dense.16.tanh-dense.256.relu-dense.128.relu,82576,2311,10.000617980957031,0.05,0.1,4,8,73952,3836082708,3.5347740650177,1024,1024,1
2022-08-28T20:53:24,suffix.3-rec.8.tanh-dense.256.relu-dense.128.relu,74440,2247,10.001757860183716,0.05,0.1,4,8,71904,3836082708,3.499854564666748,1024,1024,1
2022-08-28T20:53:36,suffix.3-rec.32.tanh-dense.256.relu-dense.128.relu,100000,2119,10.004089832305908,0.05,0.1,4,8,67808,3836082708,3.4567718505859375,1024,1024,1
2022-08-28T20:53:48,suffix.3-rec.32.tanh-dense.256.relu-dense.128.relu,100000,2126,10.004069089889526,0.02,0.1,4,8,68032,3836082708,3.683582067489624,1024,1024,1
2022-08-28T20:54:01,suffix.3-rec.32.tanh-dense.256.relu-dense.128.relu,100000,2110,10.003371953964233,0.1,0.1,4,8,67520,3836082708,3.8744120597839355,1024,1024,1
2022-08-28T20:54:13,suffix.3-rec.32.tanh-dense.256.relu-dense.128.relu-dense.128.tanh,116512,1781,10.004587173461914,0.05,0.1,4,8,56992,3836082708,3.529738187789917,1024,1024,1
2022-08-28T20:54:26,suffix.3-rec.32.tanh-dense.256.relu,99872,2341,10.001489877700806,0.05,0.1,4,8,74912,3836082708,3.400080442428589,1024,1024,1
2022-08-28T20:54:38,suffix.3-rec.32.tanh-dense.256.relu,99872,2348,10.002302885055542,0.02,0.1,4,8,75136,3836082708,3.663494348526001,1024,1024,1
2022-08-28T20:54:50,suffix.3-rec.32.tanh-dense.256.relu,99872,2359,10.002648115158081,0.1,0.1,4,8,75488,3836082708,3.6135780811309814,1024,1024,1
2022-08-28T20:55:02,suffix.3-rec.32.tanh,34080,3704,10.011327266693115,0.05,0.1,4,8,118528,3836082708,3.5527725219726562,1024,1024,1
2022-08-28T20:55:14,suffix.2-rec.32.tanh-dense.256.relu,91680,2409,10.001061916351318,0.05,0.1,4,8,77088,3836082708,3.453000783920288,1024,1024,1
2022-08-28T20:55:27,suffix.4-rec.32.tanh-dense.256.relu,108064,2233,10.001554012298584,0.05,0.1,4,8,71456,3836082708,3.5037403106689453,1024,1024,1
2022-08-28T20:55:40,suffix.3-gru.32.tanh-dense.256.relu,151136,1501,10.005785942077637,0.05,0.1,4,8,48032,3836082708,3.4647743701934814,1024,1024,1
2022-08-28T20:55:54,suffix.3-lstm.32-dense.256.relu,176768,1246,10.001935958862305,0.05,0.1,4,8,39872,3836082708,3.6092677116394043,1024,1024,1
2022-08-28T20:56:06,suffix.3-dense.32.tanh-dense.256.relu,98848,2626,10.001129865646362,0.05,0.1,4,8,84032,3836082708,3.4110662937164307,1024,1024,1
2022-08-28T20:56:19,suffix.3-rec.64.tanh-dense.256.relu,135744,2075,10.003582954406738,0.05,0.1,4,8,66400,3836082708,3.4991583824157715,1024,1024,1
2022-08-28T20:56:31,suffix.3-rec.32.sigmoid-dense.256.relu,99872,2410,10.000712871551514,0.05,0.1,4,8,77120,3836082708,3.731933116912842,1024,1024,1
2022-08-28T20:56:43,suffix.3-rec.32.relu-dense.256.relu,99872,2275,10.003458023071289,0.05,0.1,4,8,72800,3836082708,3.509713649749756,1024,1024,1
2022-08-28T20:56:58,suffix.3-rec.32.tanh-gru.256.tanh,313376,1067,10.002084016799927,0.05,0.1,4,8,34144,3836082708,3.691807508468628,1024,1024,1
2022-08-28T20:57:14,suffix.3-rec.32.tanh-lstm.256,387360,870,10.002052068710327,0.05,0.1,4,8,27840,3836082708,135.09671020507812,1024,1024,1
2022-08-28T20:57:27,suffix.3-rec.32.tanh-rec.256.relu,165408,1849,10.000718116760254,0.05,0.1,4,8,59168,3836082708,3.5623650550842285,1024,1024,1
2022-08-28T20:57:39,suffix.3-rec.32.tanh-dense.128.relu,62880,2735,10.001660823822021,0.05,0.1,4,8,87520,3836082708,3.4246320724487305,1024,1024,1
2022-08-28T20:57:52,suffix.3-rec.32.tanh-dense.512.relu,173856,1805,10.00462293624878,0.05,0.1,4,8,57760,3836082708,3.4510114192962646,1024,1024,1
2022-08-28T20:58:04,suffix.3-rec.32.tanh-dense.256.tanh,99872,2368,10.003253936767578,0.05,0.1,4,8,75776,3836082708,3.642099142074585,1024,1024,1
2022-08-28T20:58:17,suffix.3-rec.32.tanh-dense.256.sigmoid,99872,2363,10.000747919082642,0.05,0.1,4,8,75616,3836082708,3.597897529602051,1024,1024,1
2022-08-28T20:58:29,suffix.3-rec.32.tanh-dense.256.relu,99872,2165,10.002983808517456,0.05,0.1,4,16,138560,3836082708,3.3703129291534424,1024,1024,1
2022-08-28T20:58:41,suffix.3-rec.32.tanh-dense.256.relu,99872,2167,10.003942966461182,0.02,0.1,4,16,138688,3836082708,3.5847699642181396,1024,1024,1
2022-08-28T20:58:53,suffix.3-rec.32.tanh-dense.256.relu,99872,2185,10.001439094543457,0.1,0.1,4,16,139840,3836082708,3.4753975868225098,1024,1024,1
2022-08-28T20:59:06,suffix.3-rec.32.tanh-dense.256.relu-dense.128.tanh,100000,1830,10.002098798751831,0.05,0.1,4,16,117120,3836082708,3.3515143394470215,1024,1024,1
2022-08-28T20:59:18,suffix.3-rec.32.tanh-dense.256.relu-dense.128.tanh,100000,1873,10.004404067993164,0.02,0.1,4,16,119872,3836082708,3.549718141555786,1024,1024,1
2022-08-28T20:59:31,suffix.3-rec.32.tanh-dense.256.relu-dense.128.tanh,100000,1895,10.003014326095581,0.1,0.1,4,16,121280,3836082708,3.7367138862609863,1024,1024,1
2022-08-28T20:59:43,suffix.3-rec.32.tanh-dense.256.relu-dense.128.tanh-dense.128.tanh,116512,1567,10.003182172775269,0.05,0.1,4,16,100288,3836082708,3.415090322494507,1024,1024,1
2022-08-28T20:59:56,suffix.2-rec.32.tanh-dense.256.relu-dense.128.tanh,91808,1932,10.003682136535645,0.05,0.1,4,16,123648,3836082708,3.3584892749786377,1024,1024,1
2022-08-28T21:00:08,suffix.4-rec.32.tanh-dense.256.relu-dense.128.tanh,108192,1775,10.001976013183594,0.05,0.1,4,16,113600,3836082708,3.3903510570526123,1024,1024,1
2022-08-28T21:00:22,suffix.3-gru.32.tanh-dense.256.relu-dense.128.tanh,151264,1257,10.006536960601807,0.05,0.1,4,16,80448,3836082708,3.4052069187164307,1024,1024,1
2022-08-28T21:00:36,suffix.3-lstm.32-dense.256.relu-dense.128.tanh,176896,1043,10.000120878219604,0.05,0.1,4,16,66752,3836082708,3.429014205932617,1024,1024,1
2022-08-28T21:00:48,suffix.3-dense.32.tanh-dense.256.relu-dense.128.tanh,98976,2019,10.003576755523682,0.05,0.1,4,16,129216,3836082708,3.348871946334839,1024,1024,1
2022-08-28T21:01:00,suffix.3-dense.32.tanh-dense.256.relu-dense.128.tanh,98976,2019,10.0014009475708,0.02,0.1,4,16,129216,3836082708,3.510089874267578,1024,1024,1
2022-08-28T21:01:12,suffix.3-dense.32.tanh-dense.256.relu-dense.128.tanh,98976,2022,10.000818967819214,0.1,0.1,4,16,129408,3836082708,3.602128744125366,1024,1024,1
2022-08-28T21:01:25,suffix.3-dense.32.tanh-dense.256.relu-dense.128.tanh-dense.128.tanh,115488,1665,10.003295183181763,0.05,0.1,4,16,106560,3836082708,3.3456838130950928,1024,1024,1
2022-08-28T21:01:37,suffix.3-dense.32.tanh-dense.256.relu-dense.128.tanh-dense.128.tanh,115488,1660,10.005161046981812,0.02,0.1,4,16,106240,3836082708,3.5540668964385986,1024,1024,1
2022-08-28T21:01:50,suffix.3-dense.32.tanh-dense.256.relu-dense.128.tanh-dense.128.tanh,115488,1627,10.00092077255249,0.1,0.1,4,16,104128,3836082708,3.71706485748291,1024,1024,1
2022-08-28T21:02:02,suffix.3-dense.32.tanh-dense.256.relu-dense.128.tanh-dense.128.tanh-dense.128.tanh,132000,1363,10.00430679321289,0.05,0.1,4,16,87232,3836082708,3.4662866592407227,1024,1024,1
2022-08-28T21:02:14,suffix.2-dense.32.tanh-dense.256.relu-dense.128.tanh-dense.128.tanh,107296,1681,10.003468990325928,0.05,0.1,4,16,107584,3836082708,3.5200912952423096,1024,1024,1
2022-08-28T21:02:27,suffix.4-dense.32.tanh-dense.256.relu-dense.128.tanh-dense.128.tanh,123680,1579,10.003475904464722,0.05,0.1,4,16,101056,3836082708,3.4130961894989014,1024,1024,1
2022-08-28T21:02:41,suffix.3-gru.32.tanh-dense.256.relu-dense.128.tanh-dense.128.tanh,167776,1085,10.004106044769287,0.05,0.1,4,16,69440,3836082708,3.424342155456543,1024,1024,1
2022-08-28T21:02:55,suffix.3-lstm.32-dense.256.relu-dense.128.tanh-dense.128.tanh,193408,937,10.001698017120361,0.05,0.1,4,16,59968,3836082708,3.488521099090576,1024,1024,1
2022-08-28T21:03:07,suffix.3-dense.16.tanh-dense.256.relu-dense.128.tanh-dense.128.tanh,99088,1697,10.003152132034302,0.05,0.1,4,16,108608,3836082708,3.4120359420776367,1024,1024,1
2022-08-28T21:03:20,suffix.3-dense.64.tanh-dense.256.relu-dense.128.tanh-dense.128.tanh,148288,1516,10.004288911819458,0.05,0.1,4,16,97024,3836082708,3.3436989784240723,1024,1024,1
2022-08-28T21:03:33,suffix.3-dense.64.tanh-dense.256.relu-dense.128.tanh-dense.128.tanh,148288,1529,10.005590915679932,0.02,0.1,4,16,97856,3836082708,3.4993343353271484,1024,1024,1
2022-08-28T21:03:45,suffix.3-dense.64.tanh-dense.256.relu-dense.128.tanh-dense.128.tanh,148288,1524,10.005743980407715,0.1,0.1,4,16,97536,3836082708,3.7655224800109863,1024,1024,1
2022-08-28T21:03:58,suffix.3-dense.64.tanh-dense.256.relu-dense.128.tanh-dense.128.tanh-dense.128.tanh,164800,1302,10.005946159362793,0.05,0.1,4,16,83328,3836082708,3.4772262573242188,1024,1024,1
2022-08-28T21:04:11,suffix.3-dense.64.tanh-dense.256.relu-dense.128.tanh,131776,1750,10.000653743743896,0.05,0.1,4,16,112000,3836082708,3.3232719898223877,1024,1024,1
2022-08-28T21:04:23,suffix.3-dense.64.tanh-dense.256.relu-dense.128.tanh,131776,1771,10.005167961120605,0.02,0.1,4,16,113344,3836082708,3.5411362648010254,1024,1024,1
2022-08-28T21:04:36,suffix.3-dense.64.tanh-dense.256.relu-dense.128.tanh,131776,1810,10.00379991531372,0.1,0.1,4,16,115840,3836082708,3.6566483974456787,1024,1024,1
2022-08-28T21:04:48,suffix.3-dense.64.tanh-dense.256.relu,131648,2152,10.003057956695557,0.05,0.1,4,16,137728,3836082708,3.2796788215637207,1024,1024,1
2022-08-28T21:05:00,suffix.3-dense.64.tanh-dense.256.relu,131648,2148,10.00193190574646,0.02,0.1,4,16,137472,3836082708,3.5573623180389404,1024,1024,1
2022-08-28T21:05:12,suffix.3-dense.64.tanh-dense.256.relu,131648,2153,10.002464056015015,0.1,0.1,4,16,137792,3836082708,3.432802677154541,1024,1024,1
2022-08-28T21:05:24,suffix.3-dense.64.tanh,65856,3346,10.002576112747192,0.05,0.1,4,16,214144,3836082708,3.4535934925079346,1024,1024,1
2022-08-28T21:05:36,suffix.2-dense.64.tanh-dense.256.relu,115264,2267,10.00265121459961,0.05,0.1,4,16,145088,3836082708,3.3023858070373535,1024,1024,1
2022-08-28T21:05:49,suffix.4-dense.64.tanh-dense.256.relu,148032,1943,10.003695249557495,0.05,0.1,4,16,124352,3836082708,3.3433914184570312,1024,1024,1
2022-08-28T21:06:03,suffix.3-gru.64.tanh-dense.256.relu,242368,1171,10.003572940826416,0.05,0.1,4,16,74944,3836082708,3.366898536682129,1024,1024,1
2022-08-28T21:06:18,suffix.3-lstm.64-dense.256.relu,295680,936,10.001065969467163,0.05,0.1,4,16,59904,3836082708,3.446655511856079,1024,1024,1
2022-08-28T21:06:30,suffix.3-rec.64.tanh-dense.256.relu,135744,1976,10.003329753875732,0.05,0.1,4,16,126464,3836082708,3.3515515327453613,1024,1024,1
2022-08-28T21:06:42,suffix.3-dense.32.tanh-dense.256.relu,98848,2391,10.003589868545532,0.05,0.1,4,16,153024,3836082708,3.31471586227417,1024,1024,1
2022-08-28T21:06:55,suffix.3-dense.128.tanh-dense.256.relu,197248,1694,10.002039670944214,0.05,0.1,4,16,108416,3836082708,3.3554375171661377,1024,1024,1
2022-08-28T21:07:07,suffix.3-dense.64.sigmoid-dense.256.relu,131648,2122,10.001566886901855,0.05,0.1,4,16,135808,3836082708,3.5998406410217285,1024,1024,1
2022-08-28T21:07:20,suffix.3-dense.64.relu-dense.256.relu,131648,2043,10.002146005630493,0.05,0.1,4,16,130752,3836082708,3.311652421951294,1024,1024,1
2022-08-28T21:07:35,suffix.3-dense.64.tanh-gru.256.tanh,361536,876,10.002588748931885,0.05,0.1,4,16,56064,3836082708,3.5631237030029297,1024,1024,1
2022-08-28T21:07:52,suffix.3-dense.64.tanh-lstm.256,443712,712,10.011362075805664,0.05,0.1,4,16,45568,3836082708,6.141963958740234,1024,1024,1
2022-08-28T21:11:58,suffix.3-dense.64.tanh-dense.256.relu,131648,665,10.006976127624512,0.05,0.1,4,16,42560,3836082708,3.4894003868103027,1024,1024,1
2022-08-28T21:13:37,suffix.3-dense.64.tanh-dense.256.relu,131648,652,10.00614595413208,0.05,0.1,4,16,41728,3836082708,3.5362367630004883,1024,1024,1
2022-08-28T21:14:19,suffix.3-dense.64.tanh-dense.256.relu,131648,670,10.011124849319458,0.05,0.1,4,16,42880,3836082708,3.464266061782837,1024,1024,1
2022-08-28T21:14:31,suffix.3-dense.64.tanh-dense.256.relu,131648,1230,10.00427794456482,0.05,0.1,2,16,39360,3836082708,3.9043819904327393,1024,1024,1
2022-08-28T21:14:43,suffix.3-dense.64.tanh-dense.256.relu-dense.128.tanh,131776,1408,10.008136987686157,0.05,0.1,4,16,90112,3836082708,3.351513624191284,1024,1024,1
2022-08-28T21:14:56,suffix.3-dense.64.tanh-dense.256.relu-dense.128.relu,131776,1558,10.008235692977905,0.05,0.1,4,16,99712,3836082708,3.368288040161133,1024,1024,1
2022-08-28T21:15:08,suffix.3-dense.64.tanh-dense.256.relu-dense.128.tanh,131776,1644,10.000103950500488,0.02,0.1,4,16,105216,3836082708,3.5328352451324463,1024,1024,1
2022-08-28T21:15:20,suffix.3-dense.32.tanh-dense.256.relu-dense.128.tanh,98976,1756,10.005001068115234,0.05,0.1,4,16,112384,3836082708,3.3807873725891113,1024,1024,1
2022-08-28T21:15:33,suffix.3-rec.64.tanh-dense.256.relu-dense.128.tanh,135872,1692,10.001022338867188,0.05,0.1,4,16,108288,3836082708,3.36360502243042,1024,1024,1
2022-08-28T21:15:46,suffix.3-dense.64.tanh-dense.256.relu-dense.128.sigmoid,131776,1645,10.0054349899292,0.05,0.1,4,16,105280,3836082708,3.4132401943206787,1024,1024,1
2022-08-28T21:16:05,suffix.3-dense.64.tanh-dense.256.relu,131648,698,10.003637075424194,0.05,0.1,4,16,44672,3836082708,3.4645960330963135,1024,1024,1
2022-08-28T21:16:17,suffix.3-dense.64.tanh-dense.256.relu,131648,1244,10.005460977554321,0.05,0.1,4,8,39808,3836082708,3.505364418029785,1024,1024,1
2022-08-28T21:16:29,suffix.3-dense.64.tanh-dense.256.tanh,131648,1563,10.011484861373901,0.05,0.1,4,16,100032,3836082708,3.5898969173431396,1024,1024,1
2022-08-28T21:16:41,suffix.2-dense.64.tanh-dense.256.relu,115264,1815,10.012113094329834,0.05,0.1,4,16,116160,3836082708,3.3569860458374023,1024,1024,1
2022-08-28T21:16:53,suffix.2-dense.64.tanh-dense.128.relu,74176,2055,10.009988069534302,0.05,0.1,4,16,131520,3836082708,3.4419472217559814,1024,1024,1
2022-08-28T21:17:06,suffix.2-dense.64.tanh-dense.256.relu,115264,2281,10.011754989624023,0.05,0.1,2,16,72992,3836082708,3.8187456130981445,1024,1024,1
2022-08-28T21:17:18,suffix.2-dense.64.tanh-dense.256.relu,115264,2319,10.012167930603027,0.1,0.1,4,16,148416,3836082708,3.4894356727600098,1024,1024,1
2022-08-28T21:17:30,suffix.2-dense.64.tanh-dense.256.relu,115264,2417,10.00585389137268,0.05,0.1,4,8,77344,3836082708,3.452101469039917,1024,1024,1
2022-08-28T21:17:44,suffix.2-lstm.64-dense.256.relu,230144,1114,10.001102209091187,0.05,0.1,4,16,71296,3836082708,3.4130148887634277,1024,1024,1
2022-08-28T21:17:56,suffix.2-dense.64.tanh-dense.256.tanh,115264,2405,10.000610113143921,0.05,0.1,4,16,153920,3836082708,3.5523815155029297,1024,1024,1
2022-08-28T21:18:12,suffix.2-dense.64.tanh-lstm.256,427328,791,10.006284952163696,0.05,0.1,4,16,50624,3836082708,24.029748916625977,1024,1024,1
2022-08-28T21:18:27,suffix.2-dense.64.tanh-gru.256.tanh,345152,987,10.006666421890259,0.05,0.1,4,16,63168,3836082708,3.5050435066223145,1024,1024,1
2022-08-28T21:18:39,suffix.2-dense.64.tanh-dense.256.relu-dense.128.tanh,115392,2017,10.002441883087158,0.05,0.1,4,16,129088,3836082708,3.344724655151367,1024,1024,1
2022-08-28T21:18:53,suffix.2-gru.64.tanh-dense.256.relu-dense.128.tanh,193344,1210,10.00435471534729,0.05,0.1,4,16,77440,3836082708,3.393009662628174,1024,1024,1
2022-08-28T21:19:05,suffix.3-dense.64.tanh-dense.256.relu-dense.128.tanh,131776,1911,10.004445314407349,0.05,0.1,4,16,122304,3836082708,3.312309503555298,1024,1024,1
2022-08-28T21:19:18,suffix.3-dense.64.tanh-dense.256.relu-dense.128.tanh,131776,1898,10.001130819320679,0.1,0.1,4,16,121472,3836082708,3.540419340133667,1024,1024,1
2022-08-28T21:19:32,suffix.3-dense.64.tanh-dense.256.relu-gru.128.tanh,246720,1058,10.007658004760742,0.05,0.1,4,16,67712,3836082708,3.44120454788208,1024,1024,1
2022-08-28T21:19:47,suffix.3-dense.64.tanh-dense.256.relu-lstm.128,296000,894,10.000978231430054,0.05,0.1,4,16,57216,3836082708,4.654293537139893,1024,1024,1
2022-08-28T21:19:59,suffix.3-dense.64.tanh-dense.256.relu-dense.128.sigmoid,131776,1742,10.001085996627808,0.05,0.1,4,16,111488,3836082708,3.4212899208068848,1024,1024,1
2022-08-28T21:20:12,suffix.3-dense.64.tanh-dense.256.relu-dense.256.tanh,197440,1640,10.002076864242554,0.05,0.1,4,16,104960,3836082708,3.386138439178467,1024,1024,1
2022-08-28T21:20:27,suffix.3-dense.64.tanh-gru.256.tanh-dense.128.tanh,361664,856,10.003499031066895,0.05,0.1,4,16,54784,3836082708,3.511964797973633,1024,1024,1
2022-08-28T21:20:39,suffix.3-dense.64.sigmoid-dense.256.relu-dense.128.tanh,131776,1914,10.000108003616333,0.05,0.1,4,16,122496,3836082708,3.7097630500793457,1024,1024,1
2022-08-28T21:20:56,suffix.3-dense.64.tanh-lstm.256-dense.128.tanh,443840,709,10.012138843536377,0.05,0.1,4,16,45376,3836082708,3.6250269412994385,1024,1024,1
2022-08-28T21:21:08,suffix.3-dense.64.tanh-dense.256.relu-dense.128.tanh-dense.128.tanh,148288,1534,10.00672698020935,0.05,0.1,4,16,98176,3836082708,3.3894994258880615,1024,1024,1
2022-08-28T21:21:21,suffix.3-dense.64.tanh-dense.256.relu-dense.128.tanh,131776,2272,10.00120496749878,0.05,0.1,2,16,72704,3836082708,3.924332857131958,1024,1024,1
2022-08-28T21:21:33,suffix.3-dense.64.tanh-dense.256.relu-dense.128.tanh,131776,1898,10.00173306465149,0.02,0.1,4,16,121472,3836082708,3.4917778968811035,1024,1024,1
2022-08-28T21:21:46,suffix.3-dense.64.tanh-dense.256.relu-rec.128.tanh,148160,1729,10.00420093536377,0.05,0.1,4,16,110656,3836082708,3.392740249633789,1024,1024,1
2022-08-28T21:21:58,suffix.3-dense.64.tanh-dense.256.relu-dense.128.tanh,131776,1572,10.001658201217651,0.05,0.1,4,32,201216,3836082708,3.237139940261841,1024,1024,1
2022-08-28T21:22:11,suffix.3-dense.64.relu-dense.256.relu-dense.128.tanh,131776,1632,10.003084897994995,0.05,0.1,4,32,208896,3836082708,3.1907758712768555,1024,1024,1
2022-08-28T21:22:23,suffix.3-dense.64.relu-dense.256.relu-dense.128.tanh,131776,1642,10.002710103988647,0.1,0.1,4,32,210176,3836082708,3.336045742034912,1024,1024,1
2022-08-28T21:22:35,suffix.3-dense.32.relu-dense.256.relu-dense.128.tanh,98976,1696,10.005077123641968,0.05,0.1,4,32,217088,3836082708,3.234717845916748,1024,1024,1
2022-08-28T21:22:50,suffix.3-gru.64.tanh-dense.256.relu-dense.128.tanh,242496,973,10.008497953414917,0.05,0.1,4,32,124544,3836082708,3.293785810470581,1024,1024,1
2022-08-28T21:23:03,suffix.3-dense.64.relu-dense.512.relu-dense.128.tanh,181184,1369,10.000664710998535,0.05,0.1,4,32,175232,3836082708,3.264986991882324,1024,1024,1
2022-08-28T21:23:15,suffix.3-dense.64.relu-dense.256.relu-dense.128.sigmoid,131776,1654,10.004817008972168,0.05,0.1,4,32,211712,3836082708,3.2574338912963867,1024,1024,1
2022-08-28T21:23:27,suffix.3-dense.64.relu-dense.256.relu,131648,1966,10.003679037094116,0.05,0.1,4,32,251648,3836082708,3.196117401123047,1024,1024,1
2022-08-28T21:23:39,suffix.3-dense.64.relu-dense.256.relu-dense.128.tanh,131776,1299,10.002525091171265,0.05,0.1,4,64,332544,3836082708,3.16412091255188,1024,1024,1
2022-08-28T21:23:52,suffix.4-dense.64.relu-dense.256.relu-dense.128.tanh,148160,1225,10.005646228790283,0.05,0.1,4,64,313600,3836082708,3.1693124771118164,1024,1024,1
2022-08-28T21:24:04,suffix.3-dense.64.sigmoid-dense.256.relu-dense.128.tanh,131776,1322,10.005856990814209,0.05,0.1,4,64,338432,3836082708,3.4531359672546387,1024,1024,1
2022-08-28T21:24:19,suffix.3-dense.64.relu-dense.256.relu-lstm.128,296000,581,10.007898092269897,0.05,0.1,4,64,148736,3836082708,8.213552474975586,1024,1024,1
2022-08-28T21:24:32,suffix.3-dense.64.relu-dense.256.relu-dense.128.tanh,131776,1325,10.00606107711792,0.1,0.1,4,64,339200,3836082708,3.2316513061523438,1024,1024,1
2022-08-28T21:24:44,suffix.3-dense.64.tanh-dense.256.relu-dense.128.tanh,131776,1310,10.002199172973633,0.05,0.1,4,64,335360,3836082708,3.1556174755096436,1024,1024,1
2022-08-28T21:24:57,suffix.4-dense.64.tanh-dense.256.relu-dense.128.tanh,148160,1259,10.00451922416687,0.05,0.1,4,64,322304,3836082708,3.187368869781494,1024,1024,1
2022-08-28T21:25:09,suffix.3-dense.64.tanh-dense.256.relu-dense.256.tanh,197440,1074,10.001170873641968,0.05,0.1,4,64,274944,3836082708,3.162651300430298,1024,1024,1
2022-08-28T21:25:22,suffix.3-dense.64.tanh-dense.256.relu-dense.128.tanh-dense.128.tanh,148288,1095,10.007736206054688,0.05,0.1,4,64,280320,3836082708,3.159550428390503,1024,1024,1
2022-08-28T21:25:34,suffix.3-dense.64.tanh-dense.256.relu-dense.64.tanh,98944,1453,10.000757932662964,0.05,0.1,4,64,371968,3836082708,3.168856382369995,1024,1024,1
2022-08-28T21:25:49,suffix.3-lstm.64-dense.256.relu-dense.128.tanh,295808,670,10.011646270751953,0.05,0.1,4,64,171520,3836082708,3.2952640056610107,1024,1024,1
2022-08-28T21:26:01,suffix.3-dense.64.tanh-dense.256.relu-dense.128.sigmoid,131776,1291,10.004369974136353,0.05,0.1,4,64,330496,3836082708,3.2290329933166504,1024,1024,1
2022-08-28T21:26:14,suffix.3-dense.64.tanh-dense.256.relu-dense.128.tanh,131776,1241,10.00560212135315,0.1,0.1,4,64,317696,3836082708,3.265761613845825,1024,1024,1
2022-08-28T21:26:26,suffix.3-dense.64.tanh-dense.128.relu-dense.128.tanh,107072,1437,10.00145411491394,0.05,0.1,4,64,367872,3836082708,3.176849365234375,1024,1024,1
2022-08-28T21:26:40,suffix.3-gru.64.tanh-dense.256.relu-dense.128.tanh,242496,785,10.006712913513184,0.05,0.1,4,64,200960,3836082708,3.2944602966308594,1024,1024,1
2022-08-28T21:26:52,suffix.3-dense.64.tanh-dense.256.tanh-dense.128.tanh,131776,1295,10.00231385231018,0.05,0.1,4,64,331520,3836082708,3.2679190635681152,1024,1024,1
2022-08-28T21:27:05,suffix.3-dense.32.tanh-dense.256.relu-dense.128.tanh,98976,1463,10.003274202346802,0.05,0.1,4,64,374528,3836082708,3.212601900100708,1024,1024,1
2022-08-28T21:27:17,suffix.3-dense.64.tanh-dense.256.relu-dense.128.tanh,131776,989,10.00255799293518,0.05,0.1,4,128,506368,3836082708,3.1338894367218018,1024,1024,1
2022-08-28T21:27:30,suffix.3-dense.128.tanh-dense.256.relu-dense.128.tanh,197376,847,10.005169153213501,0.05,0.1,4,128,433664,3836082708,3.1018683910369873,1024,1024,1
2022-08-28T21:27:43,suffix.3-dense.128.relu-dense.256.relu-dense.128.tanh,197376,874,10.003177165985107,0.05,0.1,4,128,447488,3836082708,3.095759153366089,1024,1024,1
2022-08-28T21:27:55,suffix.3-dense.128.relu-dense.256.relu-dense.64.tanh,164544,981,10.009213209152222,0.05,0.1,4,128,502272,3836082708,3.078437566757202,1024,1024,1
2022-08-28T21:28:11,suffix.3-dense.128.relu-gru.256.tanh-dense.64.tanh,427200,403,10.013018131256104,0.05,0.1,4,128,206336,3836082708,3.2786829471588135,1024,1024,1
2022-08-28T21:28:23,suffix.3-dense.128.relu-dense.256.relu-dense.64.tanh,164544,598,10.00590991973877,0.05,0.1,8,128,612352,3836082708,2.9571402072906494,1024,1024,1
2022-08-28T21:28:37,suffix.3-dense.128.relu-dense.256.relu-gru.64.tanh,209728,384,10.010804891586304,0.05,0.1,8,128,393216,3836082708,3.1735119819641113,1024,1024,1
2022-08-28T21:28:50,suffix.3-dense.128.relu-dense.512.relu-dense.64.tanh,213952,518,10.0030357837677,0.05,0.1,8,128,530432,3836082708,2.9641010761260986,1024,1024,1
2022-08-28T21:29:02,suffix.2-dense.128.relu-dense.256.relu-dense.64.tanh,131776,662,10.008679866790771,0.05,0.1,8,128,677888,3836082708,3.1990392208099365,1024,1024,1
2022-08-28T21:29:15,suffix.3-dense.128.tanh-dense.256.relu-dense.64.tanh,164544,595,10.013188123703003,0.05,0.1,8,128,609280,3836082708,3.024639844894409,1024,1024,1
2022-08-28T21:29:27,suffix.3-dense.128.relu-dense.256.relu-rec.64.tanh,168640,560,10.014369010925293,0.05,0.1,8,128,573440,3836082708,3.0144550800323486,1024,1024,1
2022-08-28T21:29:41,suffix.3-dense.256.relu-dense.256.relu-dense.64.tanh,295744,495,10.015589952468872,0.05,0.1,8,128,506880,3836082708,2.989272356033325,1024,1024,1
2022-08-28T21:29:53,suffix.3-dense.128.relu-dense.256.relu-dense.32.tanh,148128,642,10.002313137054443,0.05,0.1,8,128,657408,3836082708,3.0924110412597656,1024,1024,1
2022-08-28T21:30:07,suffix.3-dense.128.relu-dense.256.relu-lstm.64,230272,323,10.004951000213623,0.05,0.1,8,128,330752,3836082708,19.286508560180664,1024,1024,1
2022-08-28T21:30:23,suffix.3-gru.128.tanh-dense.256.relu-dense.64.tanh,410560,276,10.019890785217285,0.05,0.1,8,128,282624,3836082708,3.1935389041900635,1024,1024,1
2022-08-28T21:30:35,suffix.3-dense.128.relu-dense.256.relu-dense.64.tanh,164544,606,10.00796627998352,0.02,0.1,8,128,620544,3836082708,3.352510452270508,1024,1024,1
2022-08-28T21:30:48,suffix.3-dense.128.relu-dense.256.relu-dense.64.tanh,164544,410,10.001975059509277,0.05,0.1,8,256,839680,3836082708,3.013171434402466,1024,1024,1
2022-08-28T21:31:00,suffix.3-dense.64.relu-dense.256.relu-dense.64.tanh,98944,737,10.0081946849823,0.05,0.1,8,128,754688,3836082708,3.0031323432922363,1024,1024,1
2022-08-28T21:31:12,suffix.3-dense.128.relu-dense.256.relu-dense.64.relu,164544,600,10.0081946849823,0.05,0.1,8,128,614400,3836082708,2.9690663814544678,1024,1024,1
2022-08-28T21:31:25,suffix.3-dense.128.relu-dense.256.relu-dense.128.tanh,197376,546,10.016281843185425,0.05,0.1,8,128,559104,3836082708,2.947871685028076,1024,1024,1
2022-08-28T21:31:38,suffix.3-dense.128.relu-dense.256.sigmoid-dense.128.tanh,197376,530,10.016032934188843,0.05,0.1,8,128,542720,3836082708,3.132598876953125,1024,1024,1
2022-08-28T21:31:51,suffix.3-dense.128.relu-dense.256.relu-dense.256.tanh,263040,464,10.016314029693604,0.05,0.1,8,128,475136,3836082708,2.9473793506622314,1024,1024,1
2022-08-28T21:32:04,suffix.2-dense.128.relu-dense.256.relu-dense.256.tanh,230272,508,10.007923126220703,0.05,0.1,8,128,520192,3836082708,3.1662917137145996,1024,1024,1
2022-08-28T21:32:17,suffix.3-dense.128.relu-dense.256.relu-dense.256.tanh,263040,468,10.011290311813354,0.02,0.1,8,128,479232,3836082708,3.2401368618011475,1024,1024,1
2022-08-28T21:32:34,suffix.3-dense.128.relu-lstm.256-dense.256.tanh,624256,168,10.009864807128906,0.05,0.1,8,128,172032,3836082708,3.2448694705963135,1024,1024,1
2022-08-28T21:32:48,suffix.3-dense.128.relu-dense.512.relu-dense.256.tanh,361600,373,10.011738300323486,0.05,0.1,8,128,381952,3836082708,2.9640462398529053,1024,1024,1
2022-08-28T21:33:01,suffix.3-dense.128.relu-dense.256.tanh-dense.256.tanh,263040,450,10.00416612625122,0.05,0.1,8,128,460800,3836082708,3.0011284351348877,1024,1024,1
2022-08-28T21:33:14,suffix.3-dense.128.relu-dense.256.relu-dense.256.tanh,263040,315,10.018257141113281,0.05,0.1,8,256,645120,3836082708,2.944967269897461,1024,1024,1
2022-08-28T21:33:28,suffix.3-dense.128.relu-dense.256.relu-rec.256.tanh,328576,265,10.028584003448486,0.05,0.1,8,256,542720,3836082708,3.05165696144104,1024,1024,1
2022-08-28T21:33:41,suffix.3-dense.128.relu-dense.256.relu-dense.256.tanh,263040,578,10.01326584815979,0.05,0.1,4,256,591872,3836082708,3.039738178253174,1024,1024,1
2022-08-28T21:33:54,suffix.3-dense.128.relu-dense.256.relu-dense.256.tanh-dense.128.tanh,263168,286,10.006554126739502,0.05,0.1,8,256,585728,3836082708,2.9886858463287354,1024,1024,1
2022-08-28T21:34:07,suffix.3-dense.128.relu-dense.256.relu-dense.256.relu,263040,335,10.013485193252563,0.05,0.1,8,256,686080,3836082708,3.0441179275512695,1024,1024,1
2022-08-28T21:34:21,suffix.4-dense.128.relu-dense.256.relu-dense.256.tanh,295808,304,10.029317855834961,0.05,0.1,8,256,622592,3836082708,2.945568084716797,1024,1024,1
2022-08-28T21:34:34,suffix.3-dense.128.relu-dense.256.relu-dense.128.tanh,197376,379,10.023555040359497,0.05,0.1,8,256,776192,3836082708,2.9663100242614746,1024,1024,1
2022-08-28T21:34:51,suffix.3-lstm.128-dense.256.relu-dense.256.tanh,623872,139,10.029522895812988,0.05,0.1,8,256,284672,3836082708,3.21980619430542,1024,1024,1
2022-08-28T21:35:04,suffix.3-dense.128.relu-dense.256.relu-dense.256.sigmoid,263040,316,10.00721287727356,0.05,0.1,8,256,647168,3836082708,3.1225855350494385,1024,1024,1
2022-08-28T21:35:16,suffix.3-dense.64.relu-dense.256.relu-dense.256.tanh,197440,360,10.00571608543396,0.05,0.1,8,256,737280,3836082708,2.989746332168579,1024,1024,1
2022-08-28T21:35:29,suffix.3-dense.128.relu-dense.256.sigmoid-dense.256.tanh,263040,308,10.005346059799194,0.05,0.1,8,256,630784,3836082708,3.1695380210876465,1024,1024,1
2022-08-28T21:35:43,suffix.3-dense.128.relu-dense.256.relu-dense.256.tanh,263040,322,10.006696939468384,0.02,0.1,8,256,659456,3836082708,3.2888245582580566,1024,1024,1
2022-08-28T21:35:56,suffix.3-dense.128.tanh-dense.256.relu-dense.256.tanh,263040,314,10.02010989189148,0.05,0.1,8,256,643072,3836082708,2.9536995887756348,1024,1024,1
2022-08-28T21:36:09,suffix.3-dense.128.relu-dense.256.relu-dense.256.tanh,263040,219,10.028172016143799,0.05,0.1,8,512,897024,3836082708,3.0073776245117188,1024,1024,1
2022-08-28T21:36:22,suffix.3-dense.128.relu-dense.256.relu-dense.256.tanh,263040,312,10.025479793548584,0.1,0.1,8,256,638976,3836082708,2.9142239093780518,1024,1024,1
2022-08-28T21:36:35,suffix.3-dense.128.sigmoid-dense.256.relu-dense.256.tanh,263040,315,10.02773118019104,0.1,0.1,8,256,645120,3836082708,3.249485969543457,1024,1024,1
2022-08-28T21:36:51,suffix.3-dense.128.relu-gru.256.tanh-dense.256.tanh,525696,141,10.01237177848816,0.1,0.1,8,256,288768,3836082708,3.0139944553375244,1024,1024,1
2022-08-28T21:37:04,suffix.3-dense.128.relu-dense.256.relu,197248,429,10.017045974731445,0.1,0.1,8,256,878592,3836082708,2.8755784034729004,1024,1024,1
2022-08-28T21:37:19,suffix.3-gru.128.tanh-dense.256.relu,443264,194,10.037795066833496,0.1,0.1,8,256,397312,3836082708,2.9187140464782715,1024,1024,1
2022-08-28T21:37:32,suffix.3-dense.128.sigmoid-dense.256.relu,197248,420,10.01436996459961,0.1,0.1,8,256,860160,3836082708,3.2141785621643066,1024,1024,1
2022-08-28T21:37:45,suffix.3-rec.128.relu-dense.256.relu,213632,364,10.003388166427612,0.1,0.1,8,256,745472,3836082708,2.8371548652648926,1024,1024,1
2022-08-28T21:37:57,suffix.2-rec.128.relu-dense.256.relu,180864,399,10.016616106033325,0.1,0.1,8,256,817152,3836082708,2.8568062782287598,1024,1024,1
2022-08-28T21:38:14,suffix.3-rec.128.relu-lstm.256,574848,127,10.048641920089722,0.1,0.1,8,256,260096,3836082708,20.615976333618164,1024,1024,1
2022-08-28T21:38:27,suffix.3-rec.128.relu-dense.256.tanh,213632,353,10.013966083526611,0.1,0.1,8,256,722944,3836082708,2.8638980388641357,1024,1024,1
2022-08-28T21:38:40,suffix.3-rec.64.relu-dense.256.relu,135744,442,10.016775131225586,0.1,0.1,8,256,905216,3836082708,2.860297679901123,1024,1024,1
2022-08-28T21:38:56,suffix.3-rec.128.relu-gru.256.tanh,476288,155,10.034888982772827,0.1,0.1,8,256,317440,3836082708,3.181100368499756,1024,1024,1
2022-08-28T21:39:09,suffix.3-rec.128.relu-dense.256.relu,213632,364,10.024218797683716,0.2,0.1,8,256,745472,3836082708,3.0357344150543213,1024,1024,1
2022-08-28T21:39:23,suffix.3-rec.256.relu-dense.256.relu,393984,284,10.020685911178589,0.1,0.1,8,256,581632,3836082708,2.850489377975464,1024,1024,1
2022-08-28T21:39:39,suffix.3-lstm.128-dense.256.relu,558080,157,10.005641222000122,0.1,0.1,8,256,321536,3836082708,2.983884811401367,1024,1024,1
2022-08-28T21:39:52,suffix.3-rec.128.relu-dense.256.relu,213632,201,10.025391817092896,0.1,0.1,16,256,823296,3836082708,2.8373353481292725,1024,1024,1
2022-08-28T21:40:05,suffix.3-rec.128.relu-rec.256.relu,279168,280,10.007973194122314,0.1,0.1,8,256,573440,3836082708,2.9512553215026855,1024,1024,1
2022-08-28T21:40:18,suffix.3-rec.128.relu-dense.128.relu,164352,416,10.006170988082886,0.1,0.1,8,256,851968,3836082708,2.8848814964294434,1024,1024,1
2022-08-28T21:40:31,suffix.3-rec.128.relu-dense.256.relu,213632,643,10.000293016433716,0.1,0.1,4,256,658432,3836082708,3.0252418518066406,1024,1024,1
2022-08-28T21:40:44,suffix.3-rec.128.relu-dense.256.sigmoid,213632,343,10.01104998588562,0.1,0.1,8,256,702464,3836082708,2.9291069507598877,1024,1024,1
2022-08-28T21:40:57,suffix.3-rec.128.sigmoid-dense.256.relu,213632,355,10.015779972076416,0.1,0.1,8,256,727040,3836082708,3.1556169986724854,1024,1024,1
2022-08-28T21:41:10,suffix.3-rec.128.tanh-dense.256.relu,213632,361,10.009376049041748,0.1,0.1,8,256,739328,3836082708,2.9311251640319824,1024,1024,1
2022-08-28T21:41:23,suffix.3-rec.128.relu-dense.256.relu-dense.128.tanh,213760,326,10.000915050506592,0.1,0.1,8,256,667648,3836082708,2.9068596363067627,1024,1024,1
2022-08-28T21:41:36,suffix.3-rec.128.relu-dense.512.relu,312192,301,10.015334844589233,0.1,0.1,8,256,616448,3836082708,2.850248098373413,1024,1024,1
2022-08-28T21:41:49,suffix.3-rec.128.relu-dense.256.relu,213632,365,10.012025117874146,0.05,0.1,8,256,747520,3836082708,3.0040953159332275,1024,1024,1
2022-08-28T21:42:01,suffix.3-rec.128.relu,147840,488,10.006995916366577,0.1,0.1,8,256,999424,3836082708,2.9362781047821045,1024,1024,1
2022-08-28T21:42:14,suffix.3-rec.128.relu-dense.256.relu,213632,557,10.015706062316895,0.1,0.1,8,128,570368,3836082708,2.883896827697754,1024,1024,1
2022-08-28T21:42:27,suffix.3-rec.128.relu-dense.256.relu,213632,240,10.008287906646729,0.1,0.1,8,512,983040,3836082708,2.8351197242736816,1024,1024,1
2022-08-28T21:42:43,suffix.3-rec.128.relu-gru.256.tanh,476288,103,10.034641981124878,0.1,0.1,8,512,421888,3836082708,3.491219997406006,1024,1024,1
2022-08-28T21:43:00,suffix.3-rec.128.relu-lstm.256,574848,83,10.056440830230713,0.1,0.1,8,512,339968,3836082708,286.0655822753906,1024,1024,1
2022-08-28T21:43:13,suffix.3-rec.128.relu-dense.128.relu,164352,275,10.010809183120728,0.1,0.1,8,512,1126400,3836082708,2.8705666065216064,1024,1024,1
2022-08-28T21:43:26,suffix.3-rec.128.relu-dense.256.relu,213632,127,10.044862270355225,0.1,0.1,16,512,1040384,3836082708,2.8621718883514404,1024,1024,1
2022-08-28T21:43:38,suffix.3-rec.64.relu-dense.256.relu,135744,293,10.016730070114136,0.1,0.1,8,512,1200128,3836082708,2.889763116836548,1024,1024,1
2022-08-28T21:43:52,suffix.3-rec.128.relu-dense.512.relu,312192,194,10.024993658065796,0.1,0.1,8,512,794624,3836082708,2.7859513759613037,1024,1024,1
2022-08-28T21:44:16,suffix.3-rec.128.relu-lstm.512,1558912,46,10.07982587814331,0.1,0.1,8,512,188416,3836082708,76.64744567871094,1024,1024,1
2022-08-28T21:44:32,suffix.3-rec.128.relu-rec.512.relu,574336,119,10.042724847793579,0.1,0.1,8,512,487424,3836082708,3.086751699447632,1024,1024,1
2022-08-28T21:44:45,suffix.3-rec.128.sigmoid-dense.512.relu,312192,195,10.004717826843262,0.1,0.1,8,512,798720,3836082708,3.169334888458252,1024,1024,1
2022-08-28T21:44:59,suffix.3-rec.128.relu-dense.512.relu,312192,198,10.004830121994019,0.05,0.1,8,512,811008,3836082708,3.000359296798706,1024,1024,1
2022-08-28T21:45:12,suffix.3-rec.128.relu-dense.512.relu,312192,198,10.014615058898926,0.2,0.1,8,512,811008,3836082708,2.9305062294006348,1024,1024,1
2022-08-28T21:45:27,suffix.3-rec.256.relu-dense.512.relu,525312,142,10.004725933074951,0.1,0.1,8,512,581632,3836082708,2.8380069732666016,1024,1024,1
2022-08-28T21:45:41,suffix.3-rec.128.tanh-dense.512.relu,312192,199,10.013692855834961,0.1,0.1,8,512,815104,3836082708,2.9082155227661133,1024,1024,1
2022-08-28T21:46:02,suffix.3-rec.128.relu-gru.512.tanh,1230720,60,10.069163084030151,0.1,0.1,8,512,245760,3836082708,3.2212908267974854,1024,1024,1
2022-08-28T21:46:18,suffix.3-gru.128.tanh-dense.512.relu,541824,115,10.047292947769165,0.1,0.1,8,512,471040,3836082708,2.9100170135498047,1024,1024,1
2022-08-28T21:46:31,suffix.3-rec.128.relu-dense.512.relu,312192,349,10.012920141220093,0.1,0.1,4,512,714752,3836082708,3.0207743644714355,1024,1024,1
2022-08-28T21:46:45,suffix.3-rec.128.relu-dense.512.sigmoid,312192,188,10.004605054855347,0.1,0.1,8,512,770048,3836082708,2.9119820594787598,1024,1024,1
2022-08-28T21:46:59,suffix.3-rec.128.relu-dense.1024.relu,509312,136,10.056337833404541,0.1,0.1,8,512,557056,3836082708,2.8306398391723633,1024,1024,1
2022-08-28T21:47:13,suffix.2-rec.128.relu-dense.512.relu,279424,209,10.001430034637451,0.1,0.1,8,512,856064,3836082708,2.8230767250061035,1024,1024,1
2022-08-28T21:47:27,suffix.4-rec.128.relu-dense.512.relu,344960,183,10.034451961517334,0.1,0.1,8,512,749568,3836082708,2.822336435317993,1024,1024,1
2022-08-28T21:47:40,suffix.3-rec.64.relu-dense.512.relu,217920,248,10.034769296646118,0.1,0.1,8,512,1015808,3836082708,2.8438143730163574,1024,1024,1
2022-08-28T21:47:53,suffix.3-rec.128.relu-dense.512.tanh,312192,195,10.0329430103302,0.1,0.1,8,512,798720,3836082708,2.851012945175171,1024,1024,1
2022-08-28T21:48:07,suffix.3-rec.128.relu-dense.512.relu,312192,106,10.082993984222412,0.1,0.1,16,512,868352,3836082708,2.863633871078491,1024,1024,1
2022-08-28T21:48:24,suffix.3-lstm.128-dense.512.relu,656640,95,10.017072916030884,0.1,0.1,8,512,389120,3836082708,3.0253372192382812,1024,1024,1
2022-08-28T21:48:37,suffix.3-dense.128.relu-dense.512.relu,295808,233,10.018261909484863,0.1,0.1,8,512,954368,3836082708,2.869784116744995,1024,1024,1
2022-08-28T21:48:50,suffix.3-rec.128.relu-dense.512.relu,312192,119,10.010511875152588,0.1,0.1,8,1024,974848,3836082708,2.8296990394592285,1024,1024,1
2022-08-28T21:49:04,suffix.3-rec.128.relu-dense.512.relu-dense.128.tanh,279552,190,10.039481163024902,0.1,0.1,8,512,778240,3836082708,2.801482915878296,1024,1024,1
2022-08-28T21:49:16,suffix.3-rec.128.relu,147840,317,10.022711038589478,0.1,0.1,8,512,1298432,3836082708,2.9782936573028564,1024,1024,1
2022-08-28T21:49:30,suffix.3-rec.128.relu-dense.512.relu-dense.128.tanh,279552,101,10.05499792098999,0.1,0.1,16,512,827392,3836082708,2.8595082759857178,1024,1024,1
2022-08-28T21:49:43,suffix.3-rec.128.relu-dense.512.relu-dense.128.tanh,279552,335,10.002015352249146,0.1,0.1,4,512,686080,3836082708,3.0403873920440674,1024,1024,1
2022-08-28T21:49:57,suffix.3-rec.128.relu-dense.512.tanh-dense.128.tanh,279552,185,10.033781051635742,0.1,0.1,8,512,757760,3836082708,2.8988821506500244,1024,1024,1
2022-08-28T21:50:10,suffix.3-rec.128.relu-dense.512.relu-dense.128.sigmoid,279552,187,10.038325071334839,0.1,0.1,8,512,765952,3836082708,2.8963253498077393,1024,1024,1
2022-08-28T21:50:25,suffix.3-rec.128.relu-rec.512.relu-dense.128.tanh,541696,116,10.06758999824524,0.1,0.1,8,512,475136,3836082708,3.0844507217407227,1024,1024,1
2022-08-28T21:50:40,suffix.3-rec.128.relu-dense.1024.relu-dense.128.tanh,411136,149,10.002261877059937,0.1,0.1,8,512,610304,3836082708,2.8514370918273926,1024,1024,1
2022-08-28T21:50:55,suffix.3-rec.128.relu-dense.512.relu-gru.128.tanh,460032,101,10.042854309082031,0.1,0.1,8,512,413696,3836082708,3.3425211906433105,1024,1024,1
2022-08-28T21:51:11,suffix.3-gru.128.tanh-dense.512.relu-dense.128.tanh,509184,111,10.077159881591797,0.1,0.1,8,512,454656,3836082708,2.9157779216766357,1024,1024,1
2022-08-28T21:51:25,suffix.3-rec.128.relu-dense.512.relu-rec.128.tanh,295936,169,10.02438998222351,0.1,0.1,8,512,692224,3836082708,2.967620849609375,1024,1024,1
2022-08-28T21:51:41,suffix.3-rec.128.relu-dense.512.relu-lstm.128,542080,86,10.060334205627441,0.1,0.1,8,512,352256,3836082708,8.476716995239258,1024,1024,1
2022-08-28T21:51:55,suffix.4-rec.128.relu-dense.512.relu-dense.128.tanh,312320,173,10.007766723632812,0.1,0.1,8,512,708608,3836082708,2.8108770847320557,1024,1024,1
2022-08-28T21:52:08,suffix.3-rec.64.relu-dense.512.relu-dense.128.tanh,185280,230,10.001467227935791,0.1,0.1,8,512,942080,3836082708,2.841341018676758,1024,1024,1
2022-08-28T21:52:21,suffix.3-rec.128.relu-dense.256.relu-dense.128.tanh,213760,217,10.01812195777893,0.1,0.1,8,512,888832,3836082708,2.835733413696289,1024,1024,1
2022-08-28T21:53:27,suffix.3-rec.128.relu-dense.512.relu,312192,127,10.036864995956421,0.05,0.1,16,256,520192,3836082708,3.086106777191162,1024,1024,1
2022-08-28T21:53:43,suffix.3-rec.128.relu-rec.512.relu,574336,102,10.041132926940918,0.05,0.1,16,256,417792,3836082708,3.392204999923706,1024,1024,1
2022-08-28T21:53:57,suffix.3-rec.128.tanh-dense.512.relu,312192,160,10.056298017501831,0.05,0.1,16,256,655360,3836082708,3.0342540740966797,1024,1024,1
2022-08-28T21:54:10,suffix.3-rec.128.tanh-dense.512.tanh,312192,161,10.00166916847229,0.05,0.1,16,256,659456,3836082708,3.2665162086486816,1024,1024,1
2022-08-28T21:54:26,suffix.3-rec.128.tanh-rec.512.relu,574336,104,10.009681940078735,0.05,0.1,16,256,425984,3836082708,3.323613166809082,1024,1024,1
2022-08-28T21:54:39,suffix.3-rec.128.tanh-dense.512.relu,312192,102,10.043540000915527,0.05,0.1,16,512,835584,3836082708,3.137901544570923,1024,1024,1
2022-08-28T21:54:53,suffix.3-rec.128.sigmoid-dense.512.relu,312192,161,10.049962043762207,0.05,0.1,16,256,659456,3836082708,3.556264877319336,1024,1024,1
2022-08-28T21:55:06,suffix.3-rec.128.tanh-dense.256.relu,213632,187,10.00097107887268,0.05,0.1,16,256,765952,3836082708,3.0971970558166504,1024,1024,1
2022-08-28T21:55:20,suffix.3-rec.128.tanh-dense.512.relu,312192,229,10.002025842666626,0.05,0.1,16,128,468992,3836082708,3.0103883743286133,1024,1024,1
2022-08-28T21:55:33,suffix.3-rec.128.tanh-dense.512.relu-dense.128.tanh,279552,226,10.026512145996094,0.05,0.1,16,128,462848,3836082708,2.959869146347046,1024,1024,1
2022-08-28T21:55:49,suffix.3-rec.128.tanh-dense.512.relu-gru.128.tanh,460032,128,10.067762851715088,0.05,0.1,16,128,262144,3836082708,3.106584072113037,1024,1024,1
2022-08-28T21:56:03,suffix.3-rec.128.tanh-dense.512.relu-rec.128.tanh,295936,208,10.020394325256348,0.05,0.1,16,128,425984,3836082708,3.013990640640259,1024,1024,1
2022-08-28T21:56:16,suffix.3-rec.128.tanh-dense.512.relu-dense.128.tanh,279552,228,10.01493763923645,0.1,0.1,16,128,466944,3836082708,2.870959758758545,1024,1024,1
2022-08-28T21:56:33,suffix.3-rec.128.tanh-dense.512.relu-lstm.128,542080,106,10.027684211730957,0.1,0.1,16,128,217088,3836082708,11.083185195922852,1024,1024,1
2022-08-28T21:56:47,suffix.3-rec.128.tanh-dense.512.relu-dense.128.tanh,279552,155,10.043224811553955,0.1,0.1,16,256,634880,3836082708,2.8920176029205322,1024,1024,1
2022-08-28T21:57:02,suffix.3-rec.256.tanh-dense.512.relu-dense.128.tanh,492672,169,10.012964963912964,0.1,0.1,16,128,346112,3836082708,4.864041328430176,1024,1024,1
2022-08-28T21:57:15,suffix.3-rec.128.tanh-dense.512.relu-dense.128.tanh,279552,354,10.016527891159058,0.1,0.1,8,128,362496,3836082708,3.0519487857818604,1024,1024,1
2022-08-28T21:57:31,suffix.3-gru.128.tanh-dense.512.relu-dense.128.tanh,509184,135,10.043678998947144,0.1,0.1,16,128,276480,3836082708,2.9062979221343994,1024,1024,1
2022-08-28T21:57:44,suffix.2-rec.128.tanh-dense.512.relu-dense.128.tanh,246784,246,10.024165153503418,0.1,0.1,16,128,503808,3836082708,2.9013004302978516,1024,1024,1
2022-08-28T21:58:00,suffix.3-rec.128.tanh-rec.512.relu-dense.128.tanh,541696,151,10.03916072845459,0.1,0.1,16,128,309248,3836082708,nan,1024,1024,1
2022-08-28T21:58:13,suffix.3-rec.64.tanh-dense.512.relu-dense.128.tanh,185280,266,10.027194738388062,0.1,0.1,16,128,544768,3836082708,2.8607847690582275,1024,1024,1
2022-08-28T21:58:26,suffix.2-rec.64.tanh-dense.512.relu-dense.128.tanh,168896,302,10.009281873703003,0.1,0.1,16,128,618496,3836082708,2.851938009262085,1024,1024,1
2022-08-28T21:58:38,suffix.2-rec.64.tanh-dense.512.relu-dense.64.tanh,119680,357,10.009870767593384,0.1,0.1,16,128,731136,3836082708,2.8682525157928467,1024,1024,1
2022-08-28T21:58:51,suffix.2-rec.64.tanh-dense.512.relu-dense.128.sigmoid,168896,294,10.023751258850098,0.1,0.1,16,128,602112,3836082708,2.9013288021087646,1024,1024,1
2022-08-28T21:59:04,suffix.2-rec.64.tanh-dense.512.relu-dense.128.tanh,168896,162,10.047488927841187,0.1,0.1,32,128,663552,3836082708,2.8474183082580566,1024,1024,1
2022-08-28T21:59:17,suffix.2-rec.128.tanh-dense.512.relu-dense.128.tanh,246784,133,10.063726902008057,0.1,0.1,32,128,544768,3836082708,2.8939361572265625,1024,1024,1
2022-08-28T21:59:30,suffix.2-rec.64.tanh-dense.512.relu-dense.128.tanh,168896,247,10.011186838150024,0.1,0.1,32,64,505856,3836082708,2.8390212059020996,1024,1024,1
2022-08-28T21:59:43,rec.64.tanh-dense.512.relu-dense.128.tanh,152512,274,10.026862859725952,0.1,0.1,32,64,561152,3836082708,2.8842437267303467,1024,1024,1
2022-08-28T21:59:56,suffix.2-rec.64.tanh-dense.512.relu-dense.128.tanh,168896,412,10.002687931060791,0.1,0.1,16,64,421888,3836082708,2.9322426319122314,1024,1024,1
2022-08-28T22:00:08,suffix.2-rec.64.relu-dense.512.relu-dense.128.tanh,168896,249,10.004517078399658,0.1,0.1,32,64,509952,3836082708,2.8794140815734863,1024,1024,1
2022-08-28T22:00:21,suffix.2-rec.64.tanh-dense.512.relu-dense.64.tanh,119680,295,10.029584884643555,0.1,0.1,32,64,604160,3836082708,2.8970799446105957,1024,1024,1
2022-08-28T22:00:33,suffix.2-rec.64.tanh-dense.256.relu-dense.128.tanh,119488,286,10.018841981887817,0.1,0.1,32,64,585728,3836082708,2.9461913108825684,1024,1024,1
2022-08-28T22:00:49,suffix.2-rec.64.tanh-dense.512.relu-lstm.128,431424,94,10.06968903541565,0.1,0.1,32,64,192512,3836082708,5.276035308837891,1024,1024,1
2022-08-28T22:01:03,suffix.2-rec.64.tanh-dense.1024.relu-dense.128.tanh,267712,187,10.044311761856079,0.1,0.1,32,64,382976,3836082708,2.8952016830444336,1024,1024,1
2022-08-28T22:01:18,suffix.2-lstm.64-dense.512.relu-dense.128.tanh,279680,151,10.05134892463684,0.1,0.1,32,64,309248,3836082708,3.0358777046203613,1024,1024,1
2022-08-28T22:01:32,suffix.2-gru.64.tanh-dense.512.relu-dense.128.tanh,242752,171,10.004496097564697,0.1,0.1,32,64,350208,3836082708,2.881197690963745,1024,1024,1
2022-08-28T22:01:44,suffix.2-dense.64.tanh-dense.512.relu-dense.128.tanh,164800,243,10.011415958404541,0.1,0.1,32,64,497664,3836082708,3.135652542114258,1024,1024,1
2022-08-28T22:01:57,suffix.2-rec.64.tanh-dense.512.tanh-dense.128.tanh,168896,234,10.013726949691772,0.1,0.1,32,64,479232,3836082708,3.0106709003448486,1024,1024,1
2022-08-28T22:02:10,suffix.2-rec.64.tanh-dense.512.relu-dense.128.tanh,168896,250,10.000118017196655,0.05,0.1,32,64,512000,3836082708,2.9877145290374756,1024,1024,1
2022-08-28T22:02:23,suffix.2-rec.64.tanh-dense.512.relu-dense.256.tanh,267328,185,10.02671504020691,0.1,0.1,32,64,378880,3836082708,2.9246973991394043,1024,1024,1
2022-08-28T22:02:36,suffix.2-rec.64.tanh-dense.512.sigmoid-dense.128.tanh,168896,230,10.002461910247803,0.1,0.1,32,64,471040,3836082708,4.0699262619018555,1024,1024,1
2022-08-28T22:03:00,suffix.2-rec.64.tanh-lstm.512-dense.128.tanh,1317312,55,10.029000282287598,0.1,0.1,32,64,112640,3836082708,4.741189956665039,1024,1024,1
2022-08-28T22:03:21,suffix.2-rec.64.tanh-gru.512.tanh-dense.128.tanh,1021888,70,10.114653825759888,0.1,0.1,32,64,143360,3836082708,3.5860164165496826,1024,1024,1
2022-08-28T22:03:34,suffix.2-rec.64.tanh-dense.512.relu-rec.128.tanh,185280,212,10.017377853393555,0.1,0.1,32,64,434176,3836082708,2.9443719387054443,1024,1024,1
2022-08-28T22:03:47,suffix.3-rec.64.tanh-dense.512.relu-dense.128.tanh,185280,234,10.01276969909668,0.1,0.1,32,64,479232,3836082708,2.8992693424224854,1024,1024,1
2022-08-28T22:03:59,suffix.2-rec.64.tanh-dense.512.relu-dense.128.tanh,168896,333,10.026803016662598,0.1,0.1,32,32,340992,3836082708,2.9732666015625,1024,1024,1
2022-08-28T22:04:13,suffix.2-rec.128.tanh-dense.512.relu-dense.128.tanh,246784,193,10.027398109436035,0.1,0.1,32,64,395264,3836082708,2.947469472885132,1024,1024,1
2022-08-28T22:04:28,suffix.2-rec.64.tanh-rec.512.relu-dense.128.tanh,431040,147,10.041033029556274,0.1,0.1,32,64,301056,3836082708,nan,1024,1024,1
2022-08-28T22:04:40,suffix.2-rec.64.tanh-dense.512.relu-dense.128.tanh,168896,253,10.033627271652222,0.2,0.1,32,64,518144,3836082708,4.999479293823242,1024,1024,1
2022-08-28T22:04:55,suffix.2-rec.64.tanh-dense.512.relu-gru.128.tanh,349376,116,10.056396007537842,0.1,0.1,32,64,237568,3836082708,3.2461414337158203,1024,1024,1
2022-08-28T22:05:08,suffix.2-rec.32.tanh-dense.512.relu-dense.128.tanh,133024,265,10.022902011871338,0.1,0.1,32,64,542720,3836082708,2.8993000984191895,1024,1024,1
2022-08-28T22:05:21,suffix.2-rec.64.tanh-dense.512.relu-dense.128.tanh-dense.128.tanh,185408,207,10.018433809280396,0.1,0.1,32,64,423936,3836082708,2.933542490005493,1024,1024,1
2022-08-28T22:05:34,suffix.2-rec.64.tanh-dense.512.relu-dense.128.sigmoid,168896,245,10.0050790309906,0.1,0.1,32,64,501760,3836082708,2.9870765209198,1024,1024,1
2022-08-28T22:05:47,suffix.2-rec.64.tanh-dense.512.relu-dense.128.relu,168896,255,10.025297164916992,0.1,0.1,32,64,522240,3836082708,2.9249088764190674,1024,1024,1
2022-08-28T22:05:59,suffix.2-rec.64.sigmoid-dense.512.relu-dense.128.tanh,168896,247,10.032910823822021,0.1,0.1,32,64,505856,3836082708,3.4371206760406494,1024,1024,1
2022-08-28T22:06:12,suffix.2-rec.64.tanh-dense.512.relu-dense.128.tanh,168896,132,10.028322219848633,0.1,0.1,64,64,540672,3836082708,2.9175357818603516,1024,1024,1
2022-08-28T22:06:25,suffix.2-rec.64.tanh-dense.512.relu,201536,268,10.003214836120605,0.1,0.1,32,64,548864,3836082708,2.919029474258423,1024,1024,1
2022-08-28T22:06:38,suffix.2-rec.64.tanh-dense.512.relu-dense.128.tanh,168896,167,10.033413887023926,0.05,0.1,32,128,684032,3836082708,3.0434820652008057,1024,1024,1
2022-08-28T22:06:54,suffix.2-rec.64.tanh-dense.512.relu-lstm.128,431424,65,10.091338157653809,0.1,0.1,32,128,266240,3836082708,3.231931686401367,1024,1024,1
2022-08-28T22:07:07,suffix.2-rec.64.tanh-dense.512.relu-dense.128.sigmoid,168896,166,10.01556396484375,0.1,0.1,32,128,679936,3836082708,2.9034881591796875,1024,1024,1
2022-08-28T22:07:19,suffix.2-rec.64.tanh-dense.512.relu-dense.128.relu,168896,166,10.003995895385742,0.1,0.1,32,128,679936,3836082708,2.9365384578704834,1024,1024,1
2022-08-28T22:07:32,suffix.2-rec.64.tanh-dense.512.tanh-dense.128.tanh,168896,157,10.0291907787323,0.1,0.1,32,128,643072,3836082708,2.980473041534424,1024,1024,1
2022-08-28T22:07:45,suffix.2-rec.32.tanh-dense.512.relu-dense.128.tanh,133024,189,10.026939153671265,0.1,0.1,32,128,774144,3836082708,2.8866145610809326,1024,1024,1
2022-08-28T22:07:58,suffix.2-rec.64.tanh-dense.512.relu-dense.128.tanh,168896,85,10.079555988311768,0.1,0.1,64,128,696320,3836082708,2.987518787384033,1024,1024,1
2022-08-28T22:08:22,suffix.2-rec.64.tanh-lstm.512-dense.128.tanh,1317312,34,10.03456711769104,0.1,0.1,32,128,139264,3836082708,4.882812976837158,1024,1024,1
2022-08-28T22:08:35,suffix.2-rec.64.relu-dense.512.relu-dense.128.tanh,168896,165,10.051464319229126,0.1,0.1,32,128,675840,3836082708,2.8425040245056152,1024,1024,1
2022-08-28T22:08:50,suffix.2-rec.64.relu-rec.512.relu-dense.128.tanh,431040,96,10.069400072097778,0.1,0.1,32,128,393216,3836082708,3.385913133621216,1024,1024,1
2022-08-28T22:09:02,suffix.2-rec.64.relu-dense.512.tanh-dense.128.tanh,168896,153,10.033560752868652,0.1,0.1,32,128,626688,3836082708,2.9300429821014404,1024,1024,1
2022-08-28T22:09:15,rec.64.relu-dense.512.relu-dense.128.tanh,152512,181,10.044494867324829,0.1,0.1,32,128,741376,3836082708,2.904810905456543,1024,1024,1
2022-08-28T22:09:28,suffix.2-rec.64.relu-dense.512.relu-dense.128.tanh,168896,310,10.00675892829895,0.1,0.1,16,128,634880,3836082708,2.827202796936035,1024,1024,1
2022-08-28T22:09:40,suffix.2-rec.64.relu-dense.512.sigmoid-dense.128.tanh,168896,285,10.02325987815857,0.1,0.1,16,128,583680,3836082708,4.714401721954346,1024,1024,1
2022-08-28T22:10:01,suffix.2-rec.64.relu-gru.512.tanh-dense.128.tanh,1021888,84,10.084080934524536,0.1,0.1,16,128,172032,3836082708,3.3372769355773926,1024,1024,1
2022-08-28T22:10:13,rec.64.relu-dense.512.relu-dense.128.tanh,152512,337,10.004051923751831,0.1,0.1,16,128,690176,3836082708,2.8534600734710693,1024,1024,1
2022-08-28T22:10:26,suffix.2-rec.64.relu-dense.512.tanh-dense.128.tanh,168896,291,10.008562803268433,0.1,0.1,16,128,595968,3836082708,2.895789861679077,1024,1024,1
2022-08-28T22:10:38,suffix.2-rec.64.relu-dense.512.relu-dense.64.tanh,119680,374,10.02033805847168,0.1,0.1,16,128,765952,3836082708,2.857130289077759,1024,1024,1
2022-08-28T22:10:51,suffix.2-rec.64.relu-dense.256.relu-dense.128.tanh,119488,363,10.007934093475342,0.1,0.1,16,128,743424,3836082708,2.884786605834961,1024,1024,1
2022-08-28T22:12:04,suffix.2-rec.64.relu-dense.512.relu-dense.128.tanh,168896,208,10.029844284057617,0.1,0.1,16,128,425984,3836082708,2.8936781883239746,1024,1024,1
2022-08-28T22:12:17,suffix.2-rec.64.relu-dense.512.relu-dense.128.tanh,168896,238,10.016502857208252,0.1,0.1,32,64,487424,3836082708,2.894174337387085,1024,1024,1
2022-08-28T22:12:31,suffix.2-rec.64.relu-dense.512.relu-gru.64.tanh,197632,202,10.021272897720337,0.1,0.1,16,128,413696,3836082708,3.043994188308716,1024,1024,1
2022-08-28T22:12:43,suffix.2-rec.64.relu-dense.512.relu-dense.128.tanh,168896,288,10.0259530544281,0.05,0.1,16,128,589824,3836082708,3.0044920444488525,1024,1024,1
2022-08-28T22:12:56,suffix.2-rec.64.relu-dense.512.relu-dense.128.tanh,168896,201,10.0104238986969,0.1,0.1,16,256,823296,3836082708,2.8392140865325928,1024,1024,1
2022-08-28T22:13:09,suffix.2-rec.64.relu-dense.512.relu-dense.128.tanh,168896,200,10.017385959625244,0.2,0.1,16,256,819200,3836082708,5.128783702850342,1024,1024,1
2022-08-28T22:13:55,suffix.2-rec.64.relu-dense.512.relu-dense.128.tanh,168896,216,10.029810905456543,0.1,0.1,16,128,442368,3836082708,2.91033673286438,1024,1024,1
2022-08-28T22:14:10,suffix.2-lstm.64-dense.512.relu-dense.128.tanh,279680,181,10.03312611579895,0.1,0.1,16,128,370688,3836082708,2.9388060569763184,1024,1024,1
2022-08-28T22:14:26,suffix.2-rec.64.relu-dense.512.relu-lstm.128,431424,118,10.030699014663696,0.1,0.1,16,128,241664,3836082708,4.98945951461792,1024,1024,1
2022-08-28T22:14:39,suffix.2-rec.64.relu-dense.512.relu-rec.128.tanh,185280,258,10.026991844177246,0.1,0.1,16,128,528384,3836082708,2.9734015464782715,1024,1024,1
2022-08-28T22:14:51,suffix.2-rec.64.relu-dense.512.relu-dense.128.relu,168896,299,10.012115955352783,0.1,0.1,16,128,612352,3836082708,2.9095330238342285,1024,1024,1
2022-08-28T22:15:04,suffix.2-rec.64.relu-dense.512.relu-dense.128.relu,168896,459,10.010581016540527,0.1,0.1,8,128,470016,3836082708,2.9921181201934814,1024,1024,1
2022-08-28T22:15:17,suffix.2-rec.64.relu-dense.512.relu-dense.128.relu,168896,311,10.00136113166809,0.2,0.1,16,128,636928,3836082708,3.1718835830688477,1024,1024,1
2022-08-28T22:15:29,suffix.2-rec.64.relu-dense.512.relu-dense.128.relu,168896,440,10.014776706695557,0.1,0.1,16,64,450560,3836082708,2.984935760498047,1024,1024,1
2022-08-28T22:15:44,suffix.2-rec.64.relu-rec.512.relu-dense.128.relu,431040,178,10.032517910003662,0.1,0.1,16,128,364544,3836082708,3.1221630573272705,1024,1024,1
2022-08-28T22:15:58,suffix.2-rec.64.relu-dense.512.relu-gru.64.tanh,197632,209,10.014143943786621,0.1,0.1,16,128,428032,3836082708,3.1386606693267822,1024,1024,1
2022-08-28T22:16:10,suffix.2-dense.64.relu-dense.512.relu-dense.128.relu,164800,335,10.018583059310913,0.1,0.1,16,128,686080,3836082708,3.1389620304107666,1024,1024,1
2022-08-28T22:16:23,suffix.2-rec.64.relu-dense.512.sigmoid-dense.128.relu,168896,287,10.016978979110718,0.1,0.1,16,128,587776,3836082708,3.082817792892456,1024,1024,1
2022-08-28T22:16:36,suffix.2-rec.64.relu-dense.512.relu-dense.128.sigmoid,168896,305,10.00050687789917,0.1,0.1,16,128,624640,3836082708,2.9447054862976074,1024,1024,1
2022-08-28T22:16:49,suffix.2-rec.64.sigmoid-dense.512.relu-dense.128.relu,168896,304,10.013224840164185,0.1,0.1,16,128,622592,3836082708,3.267040967941284,1024,1024,1
2022-08-28T22:17:01,suffix.2-rec.64.relu-dense.512.relu-dense.128.relu,168896,168,10.033478736877441,0.1,0.1,32,128,688128,3836082708,2.9145259857177734,1024,1024,1
2022-08-28T22:17:14,suffix.2-rec.64.relu-dense.512.relu-dense.128.relu,168896,254,10.02425217628479,0.1,0.1,32,64,520192,3836082708,2.905299186706543,1024,1024,1
2022-08-28T22:17:26,suffix.2-rec.64.relu-dense.512.relu-dense.128.relu,168896,132,10.01175594329834,0.1,0.1,64,64,540672,3836082708,2.977074384689331,1024,1024,1
2022-08-28T22:17:43,suffix.2-rec.64.relu-lstm.256-dense.128.relu,431552,83,10.075753927230835,0.1,0.1,32,64,169984,3836082708,3.294018030166626,1024,1024,1
2022-08-28T22:17:55,suffix.2-dense.64.relu-dense.512.relu-dense.128.relu,164800,264,10.01253604888916,0.1,0.1,32,64,540672,3836082708,3.202219247817993,1024,1024,1
2022-08-28T22:18:20,suffix.2-rec.64.relu-lstm.512-dense.128.relu,1317312,55,10.025484085083008,0.1,0.1,32,64,112640,3836082708,3.7458348274230957,1024,1024,1
2022-08-28T22:18:32,suffix.2-rec.64.relu-dense.512.sigmoid-dense.128.relu,168896,236,10.002478122711182,0.1,0.1,32,64,483328,3836082708,3.174032688140869,1024,1024,1
2022-08-28T22:18:47,suffix.2-rec.64.relu-gru.256.tanh-dense.128.relu,349376,107,10.071710109710693,0.1,0.1,32,64,219136,3836082708,3.147078514099121,1024,1024,1
2022-08-28T22:19:03,suffix.2-rec.64.relu-dense.512.relu-lstm.128,431424,94,10.075406074523926,0.1,0.1,32,64,192512,3836082708,3.1629693508148193,1024,1024,1
2022-08-28T22:19:17,suffix.2-gru.32.tanh-dense.512.relu-dense.128.relu,167904,196,10.02748990058899,0.1,0.1,32,64,401408,3836082708,2.980149984359741,1024,1024,1
2022-08-28T22:19:30,suffix.2-rec.128.relu-dense.512.relu-dense.128.relu,246784,194,10.01529598236084,0.1,0.1,32,64,397312,3836082708,2.893225908279419,1024,1024,1
2022-08-28T22:19:43,rec.128.relu-dense.512.relu-dense.128.relu,214016,217,10.016411781311035,0.1,0.1,32,64,444416,3836082708,2.930863857269287,1024,1024,1
2022-08-28T22:19:56,suffix.2-rec.128.tanh-dense.512.relu-dense.128.relu,246784,196,10.040957927703857,0.1,0.1,32,64,401408,3836082708,2.9418842792510986,1024,1024,1
2022-08-28T22:20:09,suffix.2-rec.128.relu-dense.512.relu-dense.128.relu,246784,252,10.0201997756958,0.1,0.1,16,128,516096,3836082708,2.889469861984253,1024,1024,1
2022-08-28T22:20:22,suffix.2-rec.128.relu-dense.512.relu-dense.128.relu,246784,254,10.034173250198364,0.05,0.1,16,128,520192,3836082708,2.9625511169433594,1024,1024,1
2022-08-28T22:20:38,suffix.2-rec.128.relu-rec.512.relu-dense.128.relu,508928,160,10.003844976425171,0.1,0.1,16,128,327680,3836082708,3.059000253677368,1024,1024,1
2022-08-28T22:20:55,suffix.2-rec.128.relu-lstm.256-dense.128.relu,542208,98,10.01543402671814,0.1,0.1,16,128,200704,3836082708,3.2162137031555176,1024,1024,1
2022-08-28T22:21:08,suffix.2-rec.128.relu-dense.512.relu-dense.256.relu,345216,210,10.027241945266724,0.1,0.1,16,128,430080,3836082708,2.85624098777771,1024,1024,1
2022-08-28T22:21:22,suffix.3-rec.128.relu-dense.512.relu-dense.256.relu,377984,197,10.000166893005371,0.1,0.1,16,128,403456,3836082708,2.8904738426208496,1024,1024,1
2022-08-28T22:21:37,suffix.2-gru.64.tanh-dense.512.relu-dense.256.relu,341184,182,10.017940044403076,0.1,0.1,16,128,372736,3836082708,2.9242117404937744,1024,1024,1
2022-08-28T22:21:52,suffix.2-rec.128.relu-dense.1024.relu-dense.256.relu,542336,157,10.038311004638672,0.1,0.1,16,128,321536,3836082708,2.951472282409668,1024,1024,1
2022-08-28T22:22:07,suffix.2-rec.128.relu-dense.512.relu-rec.256.relu,410752,181,10.03444504737854,0.1,0.1,16,128,370688,3836082708,2.8885786533355713,1024,1024,1
2022-08-28T22:22:20,suffix.2-rec.128.relu-dense.256.relu-dense.256.relu,246656,264,10.012341022491455,0.1,0.1,16,128,540672,3836082708,2.8429012298583984,1024,1024,1
2022-08-28T22:22:33,suffix.2-rec.128.relu-dense.256.relu-dense.256.relu-dense.128.tanh,246784,227,10.015050172805786,0.1,0.1,16,128,464896,3836082708,2.9291844367980957,1024,1024,1
