2022-08-30T10:49:12,dense.16,8464,328,60.17486786842346,0.05,0.1,128,256,10747904,1243348614,3.885744333267212,1024,1024,1
2022-08-30T10:50:16,dense.8,4360,410,60.02162504196167,0.05,0.1,128,256,13434880,1243348614,4.0195488929748535,1024,1024,1
2022-08-30T10:51:20,dense.32,16672,381,60.10997676849365,0.05,0.1,128,256,12484608,1243348614,3.7807860374450684,1024,1024,1
2022-08-30T10:52:23,dense.64,33088,334,60.05630898475647,0.05,0.1,128,256,10944512,1243348614,3.758922576904297,1024,1024,1
2022-08-30T10:53:27,dense.128,65920,332,60.11070418357849,0.05,0.1,128,256,10878976,1243348614,3.7182087898254395,1024,1024,1
2022-08-30T10:54:31,dense.256,131584,310,60.09925889968872,0.05,0.1,128,256,10158080,1243348614,3.713090181350708,1024,1024,1
2022-08-30T10:55:35,dense.512,262912,196,60.11793899536133,0.05,0.1,128,256,6422528,1243348614,3.7203338146209717,1024,1024,1
2022-08-30T10:56:40,rec.256.tanh,197120,193,60.04683327674866,0.05,0.1,128,256,6324224,1243348614,3.394507884979248,1024,1024,1
2022-08-30T10:57:44,rec.128.tanh,82304,259,60.19350504875183,0.05,0.1,128,256,8486912,1243348614,3.307262420654297,1024,1024,1
2022-08-30T10:58:47,rec.64.tanh,37184,332,60.00990009307861,0.05,0.1,128,256,10878976,1243348614,3.3544492721557617,1024,1024,1
2022-08-30T10:59:51,rec.128.relu,82304,256,60.048659324645996,0.05,0.1,128,256,8388608,1243348614,3.289400100708008,1024,1024,1
2022-08-30T11:00:54,rec.64.relu,37184,321,60.030553102493286,0.05,0.1,128,256,10518528,1243348614,3.3960649967193604,1024,1024,1
2022-08-30T11:01:59,rec.256.relu,197120,157,60.345375061035156,0.05,0.1,128,256,5144576,1243348614,3.4279444217681885,1024,1024,1
2022-08-30T11:03:02,dense.128.tanh,65920,313,60.166504859924316,0.05,0.1,128,256,10256384,1243348614,3.7528374195098877,1024,1024,1
2022-08-30T11:04:08,gru.64.tanh,78272,188,60.13000798225403,0.05,0.1,128,256,6160384,1243348614,3.6108293533325195,1024,1024,1
2022-08-30T11:05:16,lstm.64,98816,158,60.2014479637146,0.05,0.1,128,256,5177344,1243348614,3.755296230316162,1024,1024,1
2022-08-30T11:06:21,suffix.2-rec.128.relu,115072,181,60.095118045806885,0.05,0.1,128,256,5931008,1243348614,3.420037031173706,1024,1024,1
2022-08-30T11:07:25,rec.128.relu-dense.128.tanh,98816,188,60.192233085632324,0.05,0.1,128,256,6160384,1243348614,3.258659839630127,1024,1024,1
2022-08-30T11:08:29,rec.64.relu-dense.128.tanh,61888,221,60.21938109397888,0.05,0.1,128,256,7241728,1243348614,3.1952402591705322,1024,1024,1
2022-08-30T11:09:33,rec.32.relu-dense.128.tanh,46496,252,60.02826809883118,0.05,0.1,128,256,8257536,1243348614,3.3196072578430176,1024,1024,1
2022-08-30T11:10:37,rec.64.tanh-dense.128.tanh,61888,231,60.23129892349243,0.05,0.1,128,256,7569408,1243348614,3.2237143516540527,1024,1024,1
2022-08-30T11:11:41,rec.128.tanh-dense.128.tanh,98816,195,60.00999879837036,0.05,0.1,128,256,6389760,1243348614,3.177074909210205,1024,1024,1
2022-08-30T11:12:46,rec.256.tanh-dense.128.tanh,197248,136,60.263901233673096,0.05,0.1,128,256,4456448,1243348614,3.2620716094970703,1024,1024,1
2022-08-30T11:13:53,gru.64.tanh-dense.128.tanh,102976,162,60.23904490470886,0.05,0.1,128,256,5308416,1243348614,3.3870203495025635,1024,1024,1
2022-08-30T11:14:59,lstm.32-dense.128.tanh,74240,194,60.22110676765442,0.05,0.1,128,256,6356992,1243348614,3.547142744064331,1024,1024,1
2022-08-30T11:16:03,rec.128.tanh-dense.64.tanh,74176,230,60.126285791397095,0.05,0.1,128,256,7536640,1243348614,3.190518856048584,1024,1024,1
2022-08-30T11:17:08,rec.128.tanh-dense.256.tanh,148096,155,60.25169324874878,0.05,0.1,128,256,5079040,1243348614,3.21547532081604,1024,1024,1
2022-08-30T11:18:12,rec.128.tanh-dense.128.relu,98816,195,60.30169916152954,0.05,0.1,128,256,6389760,1243348614,3.130610466003418,1024,1024,1
2022-08-30T11:19:16,rec.64.tanh-dense.128.relu,61888,256,60.138821840286255,0.05,0.1,128,256,8388608,1243348614,3.149994373321533,1024,1024,1
2022-08-30T11:20:22,rec.256.tanh-dense.128.relu,197248,137,60.32905292510986,0.05,0.1,128,256,4489216,1243348614,3.2561986446380615,1024,1024,1
2022-08-30T11:21:26,rec.128.relu-dense.128.relu,98816,174,60.19015622138977,0.05,0.1,128,256,5701632,1243348614,3.1930949687957764,1024,1024,1
2022-08-30T11:22:33,gru.64.tanh-dense.128.relu,102976,163,60.38406419754028,0.05,0.1,128,256,5341184,1243348614,3.3266377449035645,1024,1024,1
2022-08-30T11:23:39,lstm.32-dense.128.relu,74240,192,60.180670976638794,0.05,0.1,128,256,6291456,1243348614,3.499009370803833,1024,1024,1
2022-08-30T11:24:43,rec.128.tanh-dense.64.relu,74176,208,60.011770725250244,0.05,0.1,128,256,6815744,1243348614,3.1680898666381836,1024,1024,1
2022-08-30T11:25:48,rec.128.tanh-dense.256.relu,148096,159,60.33554816246033,0.05,0.1,128,256,5210112,1243348614,3.100987195968628,1024,1024,1
2022-08-30T11:26:52,rec.64.tanh-dense.256.relu,102976,189,60.161754846572876,0.05,0.1,128,256,6193152,1243348614,3.137688159942627,1024,1024,1
2022-08-30T11:27:57,rec.256.tanh-dense.256.relu,262912,136,60.40742301940918,0.05,0.1,128,256,4456448,1243348614,3.109133720397949,1024,1024,1
2022-08-30T11:29:01,rec.128.relu-dense.256.relu,148096,158,60.02869510650635,0.05,0.1,128,256,5177344,1243348614,3.1093971729278564,1024,1024,1
2022-08-30T11:30:08,gru.128.tanh-dense.256.relu,246656,101,60.18892312049866,0.05,0.1,128,256,3309568,1243348614,3.3780789375305176,1024,1024,1
2022-08-30T11:31:16,lstm.64-dense.256.relu,164608,121,60.12626600265503,0.05,0.1,128,256,3964928,1243348614,3.629127264022827,1024,1024,1
2022-08-30T11:32:21,rec.128.tanh-dense.512.relu,246656,133,60.01917004585266,0.05,0.1,128,256,4358144,1243348614,3.0407400131225586,1024,1024,1
2022-08-30T11:33:26,rec.64.tanh-dense.512.relu,185152,158,60.17607879638672,0.05,0.1,128,256,5177344,1243348614,3.0609471797943115,1024,1024,1
2022-08-30T11:34:32,rec.256.tanh-dense.512.relu,394240,102,60.143535137176514,0.05,0.1,128,256,3342336,1243348614,3.0686562061309814,1024,1024,1
2022-08-30T11:35:37,rec.128.relu-dense.512.relu,246656,129,60.15329909324646,0.05,0.1,128,256,4227072,1243348614,3.0795931816101074,1024,1024,1
2022-08-30T11:36:45,gru.256.tanh-dense.512.relu,656896,52,60.44495630264282,0.05,0.1,128,256,1703936,1243348614,3.5297374725341797,1024,1024,1
2022-08-30T11:37:54,lstm.128-dense.512.relu,394496,75,60.61593294143677,0.05,0.1,128,256,2457600,1243348614,4.488366603851318,1024,1024,1
2022-08-30T11:39:01,rec.128.tanh-dense.1024.relu,443776,92,60.189412117004395,0.05,0.1,128,256,3014656,1243348614,3.0605788230895996,1024,1024,1
2022-08-30T11:40:06,rec.128.tanh-dense.512.tanh,246656,128,60.446110248565674,0.05,0.1,128,256,4194304,1243348614,3.2658026218414307,1024,1024,1
2022-08-30T11:41:12,rec.128.tanh-rec.256.tanh,213632,129,60.40354514122009,0.05,0.1,128,256,4227072,1243348614,3.230847120285034,1024,1024,1
2022-08-30T11:42:17,rec.128.tanh-gru.128.tanh,180992,105,60.35366606712341,0.05,0.1,128,256,3440640,1243348614,3.493727445602417,1024,1024,1
2022-08-30T11:43:24,rec.128.tanh-lstm.128,213888,94,60.44444489479065,0.05,0.1,128,256,3080192,1243348614,265.3836975097656,1024,1024,1
2022-08-30T11:44:30,suffix.2-rec.128.tanh-dense.512.relu,279424,115,60.30757689476013,0.05,0.1,128,256,3768320,1243348614,3.062282085418701,1024,1024,1
2022-08-30T11:45:36,rec.128.tanh-dense.512.relu-dense.256.tanh,312448,103,60.333393812179565,0.05,0.1,128,256,3375104,1243348614,2.931974411010742,1024,1024,1
2022-08-30T11:46:41,rec.64.tanh-dense.512.relu-dense.256.tanh,250944,117,60.45787811279297,0.05,0.1,128,256,3833856,1243348614,2.982084274291992,1024,1024,1
2022-08-30T11:47:48,rec.256.tanh-dense.512.relu-dense.256.tanh,460032,86,60.20963668823242,0.05,0.1,128,256,2818048,1243348614,3.1054177284240723,1024,1024,1
2022-08-30T11:48:53,rec.128.relu-dense.512.relu-dense.256.tanh,312448,101,60.086440086364746,0.05,0.1,128,256,3309568,1243348614,3.002201795578003,1024,1024,1
2022-08-30T11:50:02,gru.256.tanh-dense.512.relu-dense.256.tanh,722688,47,60.09034705162048,0.05,0.1,128,256,1540096,1243348614,3.4577765464782715,1024,1024,1
2022-08-30T11:51:11,lstm.128-dense.512.relu-dense.256.tanh,460288,56,60.42533588409424,0.05,0.1,128,256,1835008,1243348614,3.6251449584960938,1024,1024,1
2022-08-30T11:52:15,rec.128.tanh-dense.256.relu-dense.256.tanh,213888,135,60.18170189857483,0.05,0.1,128,256,4423680,1243348614,2.970310926437378,1024,1024,1
2022-08-30T11:53:23,rec.128.tanh-dense.1024.relu-dense.256.tanh,509568,82,60.67398715019226,0.05,0.1,128,256,2686976,1243348614,2.9388415813446045,1024,1024,1
2022-08-30T11:54:28,rec.128.tanh-dense.512.tanh-dense.256.tanh,312448,108,60.11098313331604,0.05,0.1,128,256,3538944,1243348614,3.0603270530700684,1024,1024,1
2022-08-30T11:55:33,rec.128.tanh-rec.128.tanh-dense.256.tanh,180992,141,60.2814199924469,0.05,0.1,128,256,4620288,1243348614,3.0948486328125,1024,1024,1
2022-08-30T11:56:40,rec.128.tanh-gru.128.tanh-dense.256.tanh,246784,94,60.53369212150574,0.05,0.1,128,256,3080192,1243348614,3.2424793243408203,1024,1024,1
2022-08-30T11:57:49,rec.128.tanh-lstm.64-dense.256.tanh,181120,103,60.37529277801514,0.05,0.1,128,256,3375104,1243348614,5.1440911293029785,1024,1024,1
2022-08-30T11:58:54,rec.128.tanh-dense.512.relu-dense.128.tanh,214016,126,60.09051322937012,0.05,0.1,128,256,4128768,1243348614,2.952449083328247,1024,1024,1
2022-08-30T12:00:01,rec.128.tanh-dense.512.relu-dense.512.tanh,509312,80,60.56074905395508,0.05,0.1,128,256,2621440,1243348614,2.9493813514709473,1024,1024,1
2022-08-30T12:01:07,rec.128.tanh-dense.512.relu-dense.256.relu,312448,111,60.41164803504944,0.05,0.1,128,256,3637248,1243348614,2.975013017654419,1024,1024,1
2022-08-30T12:02:14,rec.128.tanh-dense.512.relu-rec.256.tanh,377984,88,60.0361590385437,0.05,0.1,128,256,2883584,1243348614,3.067699909210205,1024,1024,1
2022-08-30T12:03:22,rec.128.tanh-dense.512.relu-gru.128.tanh,394496,70,60.10268592834473,0.05,0.1,128,256,2293760,1243348614,3.3376898765563965,1024,1024,1
2022-08-30T12:04:33,rec.128.tanh-dense.512.relu-lstm.64,279680,85,60.31986713409424,0.05,0.1,128,256,2785280,1243348614,3.2751336097717285,1024,1024,1
2022-08-30T12:05:39,suffix.2-rec.128.tanh-dense.512.relu-dense.256.tanh,345216,99,60.29817295074463,0.05,0.1,128,256,3244032,1243348614,2.920910596847534,1024,1024,1
2022-08-30T12:06:46,suffix.3-rec.128.tanh-dense.512.relu-dense.256.tanh,377984,94,60.110867977142334,0.05,0.1,128,256,3080192,1243348614,2.9188616275787354,1024,1024,1
2022-08-30T12:07:53,suffix.4-rec.128.tanh-dense.512.relu-dense.256.tanh,410752,88,60.16669297218323,0.05,0.1,128,256,2883584,1243348614,2.9422647953033447,1024,1024,1
2022-08-30T12:08:59,suffix.3-rec.64.tanh-dense.512.relu-dense.256.tanh,283712,104,60.08896827697754,0.05,0.1,128,256,3407872,1243348614,2.9686429500579834,1024,1024,1
2022-08-30T12:10:07,suffix.3-rec.256.tanh-dense.512.relu-dense.256.tanh,591104,74,60.20468521118164,0.05,0.1,128,256,2424832,1243348614,2.9948337078094482,1024,1024,1
2022-08-30T12:11:13,suffix.3-rec.128.relu-dense.512.relu-dense.256.tanh,377984,90,60.25769782066345,0.05,0.1,128,256,2949120,1243348614,2.947350263595581,1024,1024,1
2022-08-30T12:12:24,suffix.3-rec.512.tanh-dense.512.relu-dense.256.tanh,1115648,47,60.66474533081055,0.05,0.1,128,256,1540096,1243348614,4.646075248718262,1024,1024,1
2022-08-30T12:13:36,suffix.3-gru.256.tanh-dense.512.relu-dense.256.tanh,1115904,39,60.14540100097656,0.05,0.1,128,256,1277952,1243348614,3.451343297958374,1024,1024,1
2022-08-30T12:14:48,suffix.3-lstm.128-dense.512.relu-dense.256.tanh,722432,48,60.90749168395996,0.05,0.1,128,256,1572864,1243348614,3.634202241897583,1024,1024,1
2022-08-30T12:15:53,suffix.3-rec.128.tanh-dense.256.relu-dense.256.tanh,279424,117,60.12353706359863,0.05,0.1,128,256,3833856,1243348614,2.934847831726074,1024,1024,1
2022-08-30T12:17:01,suffix.3-rec.128.tanh-dense.1024.relu-dense.256.tanh,575104,73,60.1532940864563,0.05,0.1,128,256,2392064,1243348614,2.9628610610961914,1024,1024,1
2022-08-30T12:18:08,suffix.3-rec.128.tanh-dense.512.tanh-dense.256.tanh,377984,93,60.27563118934631,0.05,0.1,128,256,3047424,1243348614,3.0677590370178223,1024,1024,1
2022-08-30T12:19:14,suffix.3-rec.128.tanh-rec.128.tanh-dense.256.tanh,246528,119,60.005064964294434,0.05,0.1,128,256,3899392,1243348614,3.117264986038208,1024,1024,1
2022-08-30T12:20:21,suffix.3-rec.128.tanh-gru.128.tanh-dense.256.tanh,312320,85,60.001883029937744,0.05,0.1,128,256,2785280,1243348614,3.2494354248046875,1024,1024,1
2022-08-30T12:21:31,suffix.3-rec.128.tanh-lstm.64-dense.256.tanh,246656,88,60.259785890579224,0.05,0.1,128,256,2883584,1243348614,3.384462356567383,1024,1024,1
2022-08-30T12:22:37,suffix.3-rec.128.tanh-dense.512.relu-dense.128.tanh,279552,114,60.39706993103027,0.05,0.1,128,256,3735552,1243348614,2.9342117309570312,1024,1024,1
2022-08-30T12:23:45,suffix.3-rec.128.tanh-dense.512.relu-dense.512.tanh,574848,73,60.473578214645386,0.05,0.1,128,256,2392064,1243348614,2.9553165435791016,1024,1024,1
2022-08-30T12:24:52,suffix.3-rec.128.tanh-dense.512.relu-dense.256.relu,377984,88,60.00121712684631,0.05,0.1,128,256,2883584,1243348614,3.0143539905548096,1024,1024,1
2022-08-30T12:26:01,suffix.3-rec.128.tanh-dense.512.relu-rec.256.tanh,443520,69,60.63012194633484,0.05,0.1,128,256,2260992,1243348614,3.136868953704834,1024,1024,1
2022-08-30T12:27:11,suffix.3-rec.128.tanh-dense.512.relu-gru.128.tanh,460032,54,60.55372405052185,0.05,0.1,128,256,1769472,1243348614,3.417454242706299,1024,1024,1
2022-08-30T12:28:22,suffix.3-rec.128.tanh-dense.512.relu-lstm.64,345216,73,60.15378522872925,0.05,0.1,128,256,2392064,1243348614,3.314842462539673,1024,1024,1
2022-08-30T12:29:29,suffix.3-rec.128.tanh-dense.512.relu,312192,107,60.408369064331055,0.05,0.1,128,256,3506176,1243348614,3.119182825088501,1024,1024,1
2022-08-30T12:30:38,suffix.3-rec.128.tanh-dense.512.relu-dense.256.tanh-dense.256.tanh,443776,77,60.46752095222473,0.05,0.1,128,256,2523136,1243348614,2.9385666847229004,1024,1024,1
2022-08-30T12:31:45,suffix.3-rec.128.tanh-dense.512.relu-dense.256.tanh,377984,44,60.5521342754364,0.05,0.1,128,512,2883584,1243348614,3.2563095092773438,1024,1024,1
2022-08-30T12:32:53,suffix.3-rec.128.tanh-dense.512.relu-dense.256.tanh,377984,140,60.35005187988281,0.05,0.1,128,128,2293760,1243348614,2.8341243267059326,1024,1024,1
2022-08-30T12:33:59,suffix.2-rec.128.tanh-dense.512.relu-dense.256.tanh,345216,151,60.127607107162476,0.05,0.1,128,128,2473984,1243348614,2.846911907196045,1024,1024,1
2022-08-30T12:35:07,suffix.4-rec.128.tanh-dense.512.relu-dense.256.tanh,410752,137,60.23723292350769,0.05,0.1,128,128,2244608,1243348614,2.850604772567749,1024,1024,1
2022-08-30T12:36:13,suffix.3-rec.64.tanh-dense.512.relu-dense.256.tanh,283712,155,60.27944874763489,0.05,0.1,128,128,2539520,1243348614,2.8779592514038086,1024,1024,1
2022-08-30T12:37:21,suffix.3-rec.256.tanh-dense.512.relu-dense.256.tanh,591104,105,60.03365397453308,0.05,0.1,128,128,1720320,1243348614,2.897951602935791,1024,1024,1
2022-08-30T12:38:28,suffix.3-rec.128.relu-dense.512.relu-dense.256.tanh,377984,137,60.082847118377686,0.05,0.1,128,128,2244608,1243348614,2.851459264755249,1024,1024,1
2022-08-30T12:39:40,suffix.3-rec.512.tanh-dense.512.relu-dense.256.tanh,1115648,71,60.15280103683472,0.05,0.1,128,128,1163264,1243348614,4.434311866760254,1024,1024,1
2022-08-30T12:40:54,suffix.3-gru.256.tanh-dense.512.relu-dense.256.tanh,1115904,60,60.067893981933594,0.05,0.1,128,128,983040,1243348614,3.2248597145080566,1024,1024,1
2022-08-30T12:42:08,suffix.3-lstm.128-dense.512.relu-dense.256.tanh,722432,71,60.377256870269775,0.05,0.1,128,128,1163264,1243348614,3.3217737674713135,1024,1024,1
2022-08-30T12:43:15,suffix.3-rec.128.tanh-dense.256.relu-dense.256.tanh,279424,147,60.01615905761719,0.05,0.1,128,128,2408448,1243348614,2.880537748336792,1024,1024,1
2022-08-30T12:44:26,suffix.3-rec.128.tanh-dense.1024.relu-dense.256.tanh,575104,92,60.590598821640015,0.05,0.1,128,128,1507328,1243348614,2.9058520793914795,1024,1024,1
2022-08-30T12:45:34,suffix.3-rec.128.tanh-dense.512.tanh-dense.256.tanh,377984,119,60.0335967540741,0.05,0.1,128,128,1949696,1243348614,3.045510768890381,1024,1024,1
2022-08-30T12:46:41,suffix.3-rec.128.tanh-rec.128.tanh-dense.256.tanh,246528,161,60.15177297592163,0.05,0.1,128,128,2637824,1243348614,3.0538294315338135,1024,1024,1
2022-08-30T12:47:48,suffix.3-rec.128.tanh-gru.128.tanh-dense.256.tanh,312320,132,60.16889691352844,0.05,0.1,128,128,2162688,1243348614,3.0816171169281006,1024,1024,1
2022-08-30T12:48:57,suffix.3-rec.128.tanh-lstm.64-dense.256.tanh,246656,162,60.25247406959534,0.05,0.1,128,128,2654208,1243348614,3.1088287830352783,1024,1024,1
2022-08-30T12:50:04,suffix.3-rec.128.tanh-dense.512.relu-dense.128.tanh,279552,189,60.10457396507263,0.05,0.1,128,128,3096576,1243348614,2.825618267059326,1024,1024,1
2022-08-30T12:51:10,suffix.2-rec.128.tanh-dense.512.relu-dense.128.tanh,246784,166,60.16594219207764,0.05,0.1,128,128,2719744,1243348614,2.865532398223877,1024,1024,1
2022-08-30T12:52:17,suffix.4-rec.128.tanh-dense.512.relu-dense.128.tanh,312320,169,60.03818488121033,0.05,0.1,128,128,2768896,1243348614,2.8579132556915283,1024,1024,1
2022-08-30T12:53:22,suffix.3-rec.64.tanh-dense.512.relu-dense.128.tanh,185280,212,60.16452622413635,0.05,0.1,128,128,3473408,1243348614,2.8453171253204346,1024,1024,1
2022-08-30T12:54:30,suffix.3-rec.256.tanh-dense.512.relu-dense.128.tanh,492672,122,60.40109419822693,0.05,0.1,128,128,1998848,1243348614,2.9128270149230957,1024,1024,1
2022-08-30T12:55:36,suffix.3-rec.128.relu-dense.512.relu-dense.128.tanh,279552,161,60.24227499961853,0.05,0.1,128,128,2637824,1243348614,2.8669512271881104,1024,1024,1
2022-08-30T12:56:48,suffix.3-rec.512.tanh-dense.512.relu-dense.128.tanh,1017216,82,60.047877073287964,0.05,0.1,128,128,1343488,1243348614,4.746849536895752,1024,1024,1
2022-08-30T12:58:00,suffix.3-gru.256.tanh-dense.512.relu-dense.128.tanh,1017472,68,60.2894070148468,0.05,0.1,128,128,1114112,1243348614,3.26487135887146,1024,1024,1
2022-08-30T12:59:12,suffix.3-lstm.128-dense.512.relu-dense.128.tanh,624000,101,60.501871824264526,0.05,0.1,128,128,1654784,1243348614,3.275778293609619,1024,1024,1
2022-08-30T13:00:18,suffix.3-rec.128.tanh-dense.256.relu-dense.128.tanh,213760,211,60.24742293357849,0.05,0.1,128,128,3457024,1243348614,2.8507742881774902,1024,1024,1
2022-08-30T13:01:27,suffix.3-rec.128.tanh-dense.1024.relu-dense.128.tanh,411136,141,60.05911087989807,0.05,0.1,128,128,2310144,1243348614,2.843837261199951,1024,1024,1
2022-08-30T13:02:34,suffix.3-rec.128.tanh-dense.512.tanh-dense.128.tanh,279552,169,60.3550169467926,0.05,0.1,128,128,2768896,1243348614,3.0035879611968994,1024,1024,1
2022-08-30T13:03:40,suffix.3-rec.128.tanh-rec.128.tanh-dense.128.tanh,197248,216,60.19076490402222,0.05,0.1,128,128,3538944,1243348614,2.9991965293884277,1024,1024,1
2022-08-30T13:04:48,suffix.3-rec.128.tanh-gru.64.tanh-dense.128.tanh,193216,185,60.14370799064636,0.05,0.1,128,128,3031040,1243348614,3.0377650260925293,1024,1024,1
2022-08-30T13:05:55,suffix.3-rec.128.tanh-lstm.32-dense.128.tanh,172672,202,60.05804991722107,0.05,0.1,128,128,3309568,1243348614,3.2877650260925293,1024,1024,1
2022-08-30T13:07:02,suffix.3-rec.128.tanh-dense.512.relu-dense.64.tanh,230336,192,60.19882535934448,0.05,0.1,128,128,3145728,1243348614,2.895433187484741,1024,1024,1
2022-08-30T13:08:09,suffix.3-rec.128.tanh-dense.512.relu-dense.128.relu,279552,171,60.3741729259491,0.05,0.1,128,128,2801664,1243348614,2.8716180324554443,1024,1024,1
2022-08-30T13:09:16,suffix.3-rec.128.tanh-dense.512.relu-rec.128.tanh,295936,161,60.435656785964966,0.05,0.1,128,128,2637824,1243348614,2.8646271228790283,1024,1024,1
2022-08-30T13:10:26,suffix.3-rec.128.tanh-dense.512.relu-gru.64.tanh,308288,134,60.20455288887024,0.05,0.1,128,128,2195456,1243348614,3.0648553371429443,1024,1024,1
2022-08-30T13:11:37,suffix.3-rec.128.tanh-dense.512.relu-lstm.32,259072,138,60.404943227767944,0.05,0.1,128,128,2260992,1243348614,3.0937769412994385,1024,1024,1
2022-08-30T13:12:44,suffix.3-rec.128.tanh-dense.512.relu,312192,146,60.21185612678528,0.05,0.1,128,128,2392064,1243348614,2.9949417114257812,1024,1024,1
2022-08-30T13:13:52,suffix.3-rec.128.tanh-dense.512.relu-dense.128.tanh-dense.128.tanh,296064,124,60.22402811050415,0.05,0.1,128,128,2031616,1243348614,2.905210018157959,1024,1024,1
2022-08-30T13:14:59,suffix.3-rec.128.tanh-dense.512.relu-dense.128.tanh,279552,248,60.095576763153076,0.05,0.1,128,64,2031616,1243348614,2.777588129043579,1024,1024,1
2022-08-30T13:16:04,suffix.2-rec.128.tanh-dense.512.relu-dense.128.tanh,246784,283,60.02368903160095,0.05,0.1,128,64,2318336,1243348614,2.787666082382202,1024,1024,1
2022-08-30T13:17:11,suffix.4-rec.128.tanh-dense.512.relu-dense.128.tanh,312320,269,60.162647008895874,0.05,0.1,128,64,2203648,1243348614,2.7504827976226807,1024,1024,1
2022-08-30T13:18:19,suffix.5-rec.128.tanh-dense.512.relu-dense.128.tanh,345088,256,60.206387758255005,0.05,0.1,128,64,2097152,1243348614,2.777740001678467,1024,1024,1
2022-08-30T13:19:26,suffix.4-rec.64.tanh-dense.512.relu-dense.128.tanh,201664,262,60.07025218009949,0.05,0.1,128,64,2146304,1243348614,2.833339214324951,1024,1024,1
2022-08-30T13:20:35,suffix.4-rec.256.tanh-dense.512.relu-dense.128.tanh,558208,183,60.149848222732544,0.05,0.1,128,64,1499136,1243348614,2.8262276649475098,1024,1024,1
2022-08-30T13:21:42,suffix.4-rec.128.relu-dense.512.relu-dense.128.tanh,312320,225,60.177345752716064,0.05,0.1,128,64,1843200,1243348614,2.7911019325256348,1024,1024,1
2022-08-30T13:22:55,suffix.4-rec.512.tanh-dense.512.relu-dense.128.tanh,1148288,116,60.40092992782593,0.05,0.1,128,64,950272,1243348614,4.741814613342285,1024,1024,1
2022-08-30T13:24:10,suffix.4-gru.256.tanh-dense.512.relu-dense.128.tanh,1214080,92,60.25483989715576,0.05,0.1,128,64,753664,1243348614,3.145512819290161,1024,1024,1
2022-08-30T13:25:24,suffix.4-lstm.128-dense.512.relu-dense.128.tanh,755072,134,60.27262496948242,0.05,0.1,128,64,1097728,1243348614,3.1271886825561523,1024,1024,1
2022-08-30T13:26:30,suffix.4-rec.128.tanh-dense.256.relu-dense.128.tanh,246528,296,60.08838677406311,0.05,0.1,128,64,2424832,1243348614,2.7995927333831787,1024,1024,1
2022-08-30T13:27:38,suffix.4-rec.128.tanh-dense.1024.relu-dense.128.tanh,443904,174,60.06686282157898,0.05,0.1,128,64,1425408,1243348614,2.8168492317199707,1024,1024,1
2022-08-30T13:28:46,suffix.4-rec.128.tanh-dense.512.tanh-dense.128.tanh,312320,229,60.26147413253784,0.05,0.1,128,64,1875968,1243348614,2.936971664428711,1024,1024,1
2022-08-30T13:29:52,suffix.4-rec.128.tanh-rec.128.tanh-dense.128.tanh,230016,314,60.14435410499573,0.05,0.1,128,64,2572288,1243348614,2.90848970413208,1024,1024,1
2022-08-30T13:31:01,suffix.4-rec.128.tanh-gru.64.tanh-dense.128.tanh,225984,272,60.099672079086304,0.05,0.1,128,64,2228224,1243348614,2.9518275260925293,1024,1024,1
2022-08-30T13:32:10,suffix.4-rec.128.tanh-lstm.32-dense.128.tanh,205440,307,60.087308168411255,0.05,0.1,128,64,2514944,1243348614,3.0630202293395996,1024,1024,1
2022-08-30T13:33:16,suffix.4-rec.128.tanh-dense.512.relu-dense.64.tanh,263104,273,60.03913593292236,0.05,0.1,128,64,2236416,1243348614,2.840085744857788,1024,1024,1
2022-08-30T13:34:24,suffix.4-rec.128.tanh-dense.512.relu-dense.256.tanh,410752,203,60.26949977874756,0.05,0.1,128,64,1662976,1243348614,2.8002307415008545,1024,1024,1
2022-08-30T13:35:31,suffix.4-rec.128.tanh-dense.512.relu-dense.128.relu,312320,242,60.12167477607727,0.05,0.1,128,64,1982464,1243348614,2.853104829788208,1024,1024,1
2022-08-30T13:36:38,suffix.4-rec.128.tanh-dense.512.relu-rec.128.tanh,328704,246,60.14709782600403,0.05,0.1,128,64,2015232,1243348614,2.817056894302368,1024,1024,1
2022-08-30T13:37:48,suffix.4-rec.128.tanh-dense.512.relu-gru.64.tanh,341056,222,60.19518780708313,0.05,0.1,128,64,1818624,1243348614,2.90459942817688,1024,1024,1
2022-08-30T13:38:57,suffix.4-rec.128.tanh-dense.512.relu-lstm.32,291840,217,60.123677253723145,0.05,0.1,128,64,1777664,1243348614,2.9567935466766357,1024,1024,1
2022-08-30T13:40:03,suffix.4-rec.128.tanh-dense.512.relu,344960,260,60.004191875457764,0.05,0.1,128,64,2129920,1243348614,2.8325612545013428,1024,1024,1
2022-08-30T13:41:10,suffix.4-rec.128.tanh-dense.512.relu-dense.128.tanh-dense.128.tanh,328832,232,60.07426691055298,0.05,0.1,128,64,1900544,1243348614,2.755638837814331,1024,1024,1
2022-08-30T13:42:17,suffix.4-rec.128.tanh-dense.512.relu-dense.128.tanh,312320,366,60.06456923484802,0.05,0.1,128,32,1499136,1243348614,2.752129077911377,1024,1024,1
2022-08-30T13:43:23,suffix.4-rec.128.tanh-dense.512.relu-dense.128.tanh,312320,241,60.21403694152832,0.02,0.1,128,64,1974272,1243348614,3.389362096786499,1024,1024,1
2022-08-30T13:44:30,suffix.4-rec.128.tanh-dense.512.relu-dense.128.tanh,312320,239,60.03178381919861,0.1,0.1,128,64,1957888,1243348614,2.7027547359466553,1024,1024,1
2022-08-30T13:45:36,suffix.3-rec.128.tanh-dense.512.relu-dense.128.tanh,279552,259,60.08274817466736,0.1,0.1,128,64,2121728,1243348614,2.665020227432251,1024,1024,1
2022-08-30T13:46:43,suffix.2-rec.128.tanh-dense.512.relu-dense.128.tanh,246784,273,60.2230498790741,0.1,0.1,128,64,2236416,1243348614,2.667787551879883,1024,1024,1
2022-08-30T13:47:49,suffix.3-rec.64.tanh-dense.512.relu-dense.128.tanh,185280,279,60.1799750328064,0.1,0.1,128,64,2285568,1243348614,2.6953344345092773,1024,1024,1
2022-08-30T13:48:56,suffix.3-rec.256.tanh-dense.512.relu-dense.128.tanh,492672,192,60.06866002082825,0.1,0.1,128,64,1572864,1243348614,4.749457359313965,1024,1024,1
2022-08-30T13:50:02,suffix.3-rec.128.relu-dense.512.relu-dense.128.tanh,279552,276,60.06440210342407,0.1,0.1,128,64,2260992,1243348614,2.5797243118286133,1024,1024,1
2022-08-30T13:51:07,suffix.2-rec.128.relu-dense.512.relu-dense.128.tanh,246784,283,60.05960297584534,0.1,0.1,128,64,2318336,1243348614,2.596998453140259,1024,1024,1
2022-08-30T13:52:13,suffix.4-rec.128.relu-dense.512.relu-dense.128.tanh,312320,259,60.17601990699768,0.1,0.1,128,64,2121728,1243348614,2.625920534133911,1024,1024,1
2022-08-30T13:53:19,suffix.3-rec.64.relu-dense.512.relu-dense.128.tanh,185280,329,60.151159048080444,0.1,0.1,128,64,2695168,1243348614,2.6570372581481934,1024,1024,1
2022-08-30T13:54:27,suffix.3-rec.256.relu-dense.512.relu-dense.128.tanh,492672,210,60.16896986961365,0.1,0.1,128,64,1720320,1243348614,2.593101978302002,1024,1024,1
2022-08-30T13:55:37,suffix.3-rec.512.tanh-dense.512.relu-dense.128.tanh,1017216,125,60.3084921836853,0.1,0.1,128,64,1024000,1243348614,4.793868541717529,1024,1024,1
2022-08-30T13:56:52,suffix.3-gru.256.tanh-dense.512.relu-dense.128.tanh,1017472,112,60.36951303482056,0.1,0.1,128,64,917504,1243348614,2.745502233505249,1024,1024,1
2022-08-30T13:58:02,suffix.3-lstm.128-dense.512.relu-dense.128.tanh,624000,140,60.37791204452515,0.1,0.1,128,64,1146880,1243348614,4.829929351806641,1024,1024,1
2022-08-30T13:59:08,suffix.3-rec.128.relu-dense.256.relu-dense.128.tanh,213760,338,60.1572539806366,0.1,0.1,128,64,2768896,1243348614,nan,1024,1024,1
2022-08-30T14:00:16,suffix.3-rec.128.relu-dense.1024.relu-dense.128.tanh,411136,211,60.26246905326843,0.1,0.1,128,64,1728512,1243348614,2.6030449867248535,1024,1024,1
2022-08-30T14:01:26,suffix.3-rec.128.relu-dense.512.tanh-dense.128.tanh,279552,277,60.13185119628906,0.1,0.1,128,64,2269184,1243348614,2.6548562049865723,1024,1024,1
2022-08-30T14:02:31,suffix.3-rec.128.relu-rec.128.tanh-dense.128.tanh,197248,337,60.165663957595825,0.1,0.1,128,64,2760704,1243348614,2.758026599884033,1024,1024,1
2022-08-30T14:03:39,suffix.3-rec.128.relu-gru.64.tanh-dense.128.tanh,193216,320,60.092142820358276,0.1,0.1,128,64,2621440,1243348614,nan,1024,1024,1
2022-08-30T14:04:46,suffix.3-rec.128.relu-lstm.32-dense.128.tanh,172672,369,60.06538009643555,0.1,0.1,128,64,3022848,1243348614,nan,1024,1024,1
2022-08-30T14:05:51,suffix.3-rec.128.relu-dense.512.relu-dense.64.tanh,230336,367,60.15655493736267,0.1,0.1,128,64,3006464,1243348614,2.5698399543762207,1024,1024,1
2022-08-30T14:06:56,suffix.2-rec.128.relu-dense.512.relu-dense.64.tanh,197568,389,60.12140607833862,0.1,0.1,128,64,3186688,1243348614,nan,1024,1024,1
2022-08-30T14:08:02,suffix.4-rec.128.relu-dense.512.relu-dense.64.tanh,263104,340,60.00281000137329,0.1,0.1,128,64,2785280,1243348614,2.623701810836792,1024,1024,1
2022-08-30T14:09:07,suffix.3-rec.64.relu-dense.512.relu-dense.64.tanh,136064,434,60.0584557056427,0.1,0.1,128,64,3555328,1243348614,2.637299060821533,1024,1024,1
2022-08-30T14:10:13,suffix.3-rec.256.relu-dense.512.relu-dense.64.tanh,443456,265,60.05838418006897,0.1,0.1,128,64,2170880,1243348614,2.593427896499634,1024,1024,1
2022-08-30T14:11:19,suffix.3-rec.128.tanh-dense.512.relu-dense.64.tanh,230336,357,60.15530180931091,0.1,0.1,128,64,2924544,1243348614,4.780112266540527,1024,1024,1
2022-08-30T14:12:28,suffix.3-rec.512.tanh-dense.512.relu-dense.64.tanh,968000,152,60.3488290309906,0.1,0.1,128,64,1245184,1243348614,4.7571916580200195,1024,1024,1
2022-08-30T14:13:38,suffix.3-gru.256.tanh-dense.512.relu-dense.64.tanh,968256,140,60.065730810165405,0.1,0.1,128,64,1146880,1243348614,2.681643009185791,1024,1024,1
2022-08-30T14:14:48,suffix.3-lstm.128-dense.512.relu-dense.64.tanh,574784,184,60.09963583946228,0.1,0.1,128,64,1507328,1243348614,4.6512227058410645,1024,1024,1
2022-08-30T14:15:54,suffix.3-rec.128.relu-dense.256.relu-dense.64.tanh,180928,363,60.11487698554993,0.1,0.1,128,64,2973696,1243348614,nan,1024,1024,1
2022-08-30T14:17:01,suffix.3-rec.128.relu-dense.1024.relu-dense.64.tanh,329152,254,60.09382176399231,0.1,0.1,128,64,2080768,1243348614,2.6114346981048584,1024,1024,1
2022-08-30T14:18:06,suffix.3-rec.128.relu-dense.512.tanh-dense.64.tanh,230336,328,60.16252398490906,0.1,0.1,128,64,2686976,1243348614,2.6830642223358154,1024,1024,1
2022-08-30T14:19:11,suffix.3-rec.128.relu-rec.64.tanh-dense.64.tanh,147968,432,60.04993271827698,0.1,0.1,128,64,3538944,1243348614,2.7114224433898926,1024,1024,1
2022-08-30T14:20:18,suffix.3-rec.128.relu-gru.32.tanh-dense.64.tanh,149024,405,60.14947509765625,0.1,0.1,128,64,3317760,1243348614,2.7295315265655518,1024,1024,1
2022-08-30T14:21:24,suffix.3-rec.128.relu-lstm.16-dense.64.tanh,141824,410,60.003212213516235,0.1,0.1,128,64,3358720,1243348614,nan,1024,1024,1
2022-08-30T14:22:30,suffix.3-rec.128.relu-dense.512.relu-dense.32.tanh,205728,368,60.06992983818054,0.1,0.1,128,64,3014656,1243348614,2.6435348987579346,1024,1024,1
2022-08-30T14:23:35,suffix.3-rec.128.relu-dense.512.relu-dense.64.relu,230336,347,60.07327079772949,0.1,0.1,128,64,2842624,1243348614,2.60148024559021,1024,1024,1
2022-08-30T14:24:41,suffix.3-rec.128.relu-dense.512.relu-rec.64.tanh,234432,336,60.15705490112305,0.1,0.1,128,64,2752512,1243348614,2.639110565185547,1024,1024,1
2022-08-30T14:25:49,suffix.3-rec.128.relu-dense.512.relu-gru.32.tanh,241632,259,60.0443389415741,0.1,0.1,128,64,2121728,1243348614,nan,1024,1024,1
2022-08-30T14:26:57,suffix.3-rec.128.relu-dense.512.relu-lstm.16,219072,278,60.10775661468506,0.1,0.1,128,64,2277376,1243348614,2.764810562133789,1024,1024,1
2022-08-30T14:28:02,suffix.3-rec.128.relu-dense.512.relu,312192,306,60.18006992340088,0.1,0.1,128,64,2506752,1243348614,2.604435682296753,1024,1024,1
2022-08-30T14:29:08,suffix.3-rec.128.relu-dense.512.relu-dense.64.tanh-dense.64.tanh,234496,335,60.0623300075531,0.1,0.1,128,64,2744320,1243348614,2.6094653606414795,1024,1024,1
2022-08-30T14:30:13,suffix.3-rec.128.relu-dense.512.relu-dense.64.tanh,230336,213,60.082444190979004,0.1,0.1,128,128,3489792,1243348614,2.6672210693359375,1024,1024,1
2022-08-30T14:31:18,suffix.3-rec.128.relu-dense.512.relu-dense.64.tanh,230336,512,60.023072957992554,0.1,0.1,128,32,2097152,1243348614,2.619641065597534,1024,1024,1
2022-08-30T14:32:23,suffix.3-rec.128.relu-dense.512.relu-dense.64.tanh,230336,358,60.142791986465454,0.05,0.1,128,64,2932736,1243348614,2.7851850986480713,1024,1024,1
2022-08-30T14:33:28,suffix.3-rec.128.relu-dense.512.relu-dense.64.tanh,230336,356,60.06198596954346,0.2,0.1,128,64,2916352,1243348614,nan,1024,1024,1
2022-08-30T14:34:34,suffix.3-rec.128.relu-dense.512.relu-dense.256.tanh,377984,242,60.0623939037323,0.1,0.1,128,64,1982464,1243348614,2.5896224975585938,1024,1024,1
2022-08-30T14:35:40,suffix.3-rec.128.relu-dense.512.relu-dense.128.relu,279552,311,60.02260613441467,0.1,0.1,128,64,2547712,1243348614,2.608778715133667,1024,1024,1
2022-08-30T14:36:46,suffix.3-rec.128.relu-dense.512.relu-rec.128.tanh,295936,280,60.05265402793884,0.1,0.1,128,64,2293760,1243348614,2.707016944885254,1024,1024,1
2022-08-30T14:37:55,suffix.3-rec.128.relu-dense.512.relu-gru.64.tanh,308288,251,60.16712498664856,0.1,0.1,128,64,2056192,1243348614,2.7011141777038574,1024,1024,1
2022-08-30T14:39:04,suffix.3-rec.128.relu-dense.512.relu-lstm.32,259072,196,60.45832705497742,0.1,0.1,128,64,1605632,1243348614,2.7666754722595215,1024,1024,1
2022-08-30T15:03:17,suffix.3-rec.128.relu-dense.512.relu-dense.128.tanh-dense.128.tanh,296064,122,1444.1305930614471,0.1,0.1,128,64,999424,1243348614,2.8104045391082764,1024,1024,1
2022-08-30T15:04:23,suffix.3-rec.128.relu-dense.512.relu-dense.128.tanh,279552,176,60.01216173171997,0.1,0.1,128,128,2883584,1243348614,2.6169278621673584,1024,1024,1
2022-08-30T15:05:29,suffix.3-rec.128.relu-dense.512.relu-dense.128.tanh,279552,395,60.032087087631226,0.1,0.1,128,32,1617920,1243348614,2.646977663040161,1024,1024,1
2022-08-30T15:06:34,suffix.3-rec.128.relu-dense.512.relu-dense.128.tanh,279552,323,60.049357175827026,0.05,0.1,128,64,2646016,1243348614,2.7250945568084717,1024,1024,1
2022-08-30T15:07:40,suffix.3-rec.128.relu-dense.512.relu-dense.128.tanh,279552,328,60.117919921875,0.2,0.1,128,64,2686976,1243348614,nan,1024,1024,1
2022-08-30T15:08:45,suffix.2-rec.128.relu-dense.512.relu-dense.256.tanh,345216,281,60.08665108680725,0.1,0.1,128,64,2301952,1243348614,2.603590965270996,1024,1024,1
2022-08-30T15:09:52,suffix.4-rec.128.relu-dense.512.relu-dense.256.tanh,410752,248,60.02026987075806,0.1,0.1,128,64,2031616,1243348614,2.637373685836792,1024,1024,1
2022-08-30T15:10:58,suffix.3-rec.64.relu-dense.512.relu-dense.256.tanh,283712,313,60.17337107658386,0.1,0.1,128,64,2564096,1243348614,2.6560237407684326,1024,1024,1
2022-08-30T15:12:04,suffix.3-rec.256.relu-dense.512.relu-dense.256.tanh,591104,217,60.24002814292908,0.1,0.1,128,64,1777664,1243348614,nan,1024,1024,1
2022-08-30T15:13:10,suffix.3-rec.128.tanh-dense.512.relu-dense.256.tanh,377984,274,60.161163091659546,0.1,0.1,128,64,2244608,1243348614,4.807186603546143,1024,1024,1
2022-08-30T15:14:20,suffix.3-rec.512.tanh-dense.512.relu-dense.256.tanh,1115648,135,60.027966022491455,0.1,0.1,128,64,1105920,1243348614,4.794321537017822,1024,1024,1
2022-08-30T15:15:31,suffix.3-gru.256.tanh-dense.512.relu-dense.256.tanh,1115904,136,60.39421606063843,0.1,0.1,128,64,1114112,1243348614,2.647149085998535,1024,1024,1
2022-08-30T15:16:41,suffix.3-lstm.128-dense.512.relu-dense.256.tanh,722432,161,60.29490613937378,0.1,0.1,128,64,1318912,1243348614,2.6803436279296875,1024,1024,1
2022-08-30T15:17:46,suffix.3-rec.128.relu-dense.256.relu-dense.256.tanh,279424,307,60.11632490158081,0.1,0.1,128,64,2514944,1243348614,nan,1024,1024,1
2022-08-30T15:18:54,suffix.3-rec.128.relu-dense.1024.relu-dense.256.tanh,575104,217,60.104897022247314,0.1,0.1,128,64,1777664,1243348614,2.6087677478790283,1024,1024,1
2022-08-30T15:20:00,suffix.3-rec.128.relu-dense.512.tanh-dense.256.tanh,377984,267,60.157957792282104,0.1,0.1,128,64,2187264,1243348614,2.728142023086548,1024,1024,1
2022-08-30T15:21:05,suffix.3-rec.128.relu-rec.128.tanh-dense.256.tanh,246528,319,60.018665075302124,0.1,0.1,128,64,2613248,1243348614,nan,1024,1024,1
2022-08-30T15:22:12,suffix.3-rec.128.relu-gru.128.tanh-dense.256.tanh,312320,218,60.25717878341675,0.1,0.1,128,64,1785856,1243348614,2.710174083709717,1024,1024,1
2022-08-30T15:23:21,suffix.3-rec.128.relu-lstm.64-dense.256.tanh,246656,260,60.21650695800781,0.1,0.1,128,64,2129920,1243348614,nan,1024,1024,1
2022-08-30T15:24:28,suffix.3-rec.128.relu-dense.512.relu-dense.512.tanh,574848,204,60.083248138427734,0.1,0.1,128,64,1671168,1243348614,2.67615008354187,1024,1024,1
2022-08-30T15:25:34,suffix.3-rec.128.relu-dense.512.relu-dense.256.relu,377984,266,60.137410163879395,0.1,0.1,128,64,2179072,1243348614,2.6065926551818848,1024,1024,1
2022-08-30T15:26:41,suffix.3-rec.128.relu-dense.512.relu-rec.256.tanh,443520,225,60.018789768218994,0.1,0.1,128,64,1843200,1243348614,2.8771207332611084,1024,1024,1
2022-08-30T15:27:49,suffix.3-rec.128.relu-dense.512.relu-gru.128.tanh,460032,192,60.23935914039612,0.1,0.1,128,64,1572864,1243348614,2.681867837905884,1024,1024,1
2022-08-30T15:28:59,suffix.3-rec.128.relu-dense.512.relu-lstm.64,345216,233,60.150075912475586,0.1,0.1,128,64,1908736,1243348614,2.6704907417297363,1024,1024,1
2022-08-30T15:30:06,suffix.3-rec.128.relu-dense.512.relu-dense.256.tanh-dense.256.tanh,443776,217,60.01988410949707,0.1,0.1,128,64,1777664,1243348614,2.774601936340332,1024,1024,1
2022-08-30T15:31:12,suffix.3-rec.128.relu-dense.512.relu-dense.256.tanh,377984,156,60.259474992752075,0.1,0.1,128,128,2555904,1243348614,2.641597032546997,1024,1024,1
2022-08-30T15:32:18,suffix.3-rec.128.relu-dense.512.relu-dense.256.tanh,377984,406,60.111809968948364,0.1,0.1,128,32,1662976,1243348614,2.642671585083008,1024,1024,1
2022-08-30T15:33:24,suffix.3-rec.128.relu-dense.512.relu-dense.256.tanh,377984,250,60.045220136642456,0.05,0.1,128,64,2048000,1243348614,2.733839511871338,1024,1024,1
2022-08-30T15:34:30,suffix.3-rec.128.relu-dense.512.relu-dense.256.tanh,377984,256,60.110471963882446,0.2,0.1,128,64,2097152,1243348614,nan,1024,1024,1
2022-08-30T15:35:36,suffix.2-rec.256.relu-dense.512.relu-dense.128.tanh,427136,251,60.06380891799927,0.1,0.1,128,64,2056192,1243348614,nan,1024,1024,1
2022-08-30T15:36:43,suffix.4-rec.256.relu-dense.512.relu-dense.128.tanh,558208,218,60.181560039520264,0.1,0.1,128,64,1785856,1243348614,nan,1024,1024,1
2022-08-30T15:37:52,suffix.3-rec.512.relu-dense.512.relu-dense.128.tanh,1017216,143,60.2745680809021,0.1,0.1,128,64,1171456,1243348614,nan,1024,1024,1
2022-08-30T15:38:58,suffix.3-rec.256.relu-dense.256.relu-dense.128.tanh,394112,279,60.09594798088074,0.1,0.1,128,64,2285568,1243348614,nan,1024,1024,1
2022-08-30T15:40:06,suffix.3-rec.256.relu-dense.1024.relu-dense.128.tanh,689792,181,60.0260488986969,0.1,0.1,128,64,1482752,1243348614,nan,1024,1024,1
2022-08-30T15:41:13,suffix.3-rec.256.relu-dense.512.tanh-dense.128.tanh,492672,229,60.21066880226135,0.1,0.1,128,64,1875968,1243348614,nan,1024,1024,1
2022-08-30T15:42:19,suffix.3-rec.256.relu-rec.128.tanh-dense.128.tanh,361216,280,60.050764083862305,0.1,0.1,128,64,2293760,1243348614,nan,1024,1024,1
2022-08-30T15:43:28,suffix.3-rec.256.relu-gru.64.tanh-dense.128.tanh,365376,256,60.15791893005371,0.1,0.1,128,64,2097152,1243348614,nan,1024,1024,1
2022-08-30T15:44:35,suffix.3-rec.256.relu-lstm.32-dense.128.tanh,336640,284,60.09033179283142,0.1,0.1,128,64,2326528,1243348614,nan,1024,1024,1
2022-08-30T15:45:42,suffix.3-rec.256.relu-dense.512.relu-dense.128.relu,492672,233,60.08170223236084,0.1,0.1,128,64,1908736,1243348614,2.609002113342285,1024,1024,1
2022-08-30T15:46:49,suffix.3-rec.256.relu-dense.512.relu-rec.128.tanh,509056,213,60.192103147506714,0.1,0.1,128,64,1744896,1243348614,nan,1024,1024,1
2022-08-30T15:47:58,suffix.3-rec.256.relu-dense.512.relu-gru.64.tanh,521408,201,60.116827726364136,0.1,0.1,128,64,1646592,1243348614,nan,1024,1024,1
2022-08-30T15:49:07,suffix.3-rec.256.relu-dense.512.relu-lstm.32,472192,204,60.20768404006958,0.1,0.1,128,64,1671168,1243348614,2.6698687076568604,1024,1024,1
2022-08-30T15:50:14,suffix.3-rec.256.relu-dense.512.relu,525312,235,60.2304790019989,0.1,0.1,128,64,1925120,1243348614,2.5836997032165527,1024,1024,1
2022-08-30T15:51:20,suffix.2-rec.256.relu-dense.512.relu,459776,252,60.02507281303406,0.1,0.1,128,64,2064384,1243348614,2.5847859382629395,1024,1024,1
2022-08-30T15:52:27,suffix.4-rec.256.relu-dense.512.relu,590848,213,60.208863973617554,0.1,0.1,128,64,1744896,1243348614,nan,1024,1024,1
2022-08-30T15:53:37,suffix.3-rec.512.relu-dense.512.relu,1049856,142,60.30563306808472,0.1,0.1,128,64,1163264,1243348614,nan,1024,1024,1
2022-08-30T15:54:43,suffix.3-rec.256.tanh-dense.512.relu,525312,245,60.032902002334595,0.1,0.1,128,64,2007040,1243348614,3.4235825538635254,1024,1024,1
2022-08-30T15:55:53,suffix.3-rec.512.tanh-dense.512.relu,1049856,145,60.265775203704834,0.1,0.1,128,64,1187840,1243348614,4.7426276206970215,1024,1024,1
2022-08-30T15:57:04,suffix.3-gru.256.tanh-dense.512.relu,1050112,122,60.467556953430176,0.1,0.1,128,64,999424,1243348614,2.6569085121154785,1024,1024,1
2022-08-30T15:58:16,suffix.3-lstm.128-dense.512.relu,656640,156,60.116246700286865,0.1,0.1,128,64,1277952,1243348614,2.8396999835968018,1024,1024,1
2022-08-30T15:59:22,suffix.3-rec.256.relu-dense.256.relu,393984,271,60.15272879600525,0.1,0.1,128,64,2220032,1243348614,2.644237518310547,1024,1024,1
2022-08-30T16:00:31,suffix.3-rec.256.relu-dense.1024.relu,787968,167,60.34620904922485,0.1,0.1,128,64,1368064,1243348614,nan,1024,1024,1
2022-08-30T16:01:39,suffix.3-rec.256.relu-dense.512.tanh,525312,200,60.20897889137268,0.1,0.1,128,64,1638400,1243348614,nan,1024,1024,1
2022-08-30T16:02:46,suffix.3-rec.256.relu-rec.256.tanh,459520,223,60.03161311149597,0.1,0.1,128,64,1826816,1243348614,nan,1024,1024,1
2022-08-30T16:03:54,suffix.3-rec.256.relu-gru.128.tanh,443264,198,60.14221906661987,0.1,0.1,128,64,1622016,1243348614,nan,1024,1024,1
2022-08-30T16:05:03,suffix.3-rec.256.relu-lstm.128,492544,165,60.245742082595825,0.1,0.1,128,64,1351680,1243348614,nan,1024,1024,1
2022-08-30T16:06:09,suffix.3-rec.256.relu,328192,337,60.03184700012207,0.1,0.1,128,64,2760704,1243348614,2.7618768215179443,1024,1024,1
2022-08-30T16:07:16,suffix.3-rec.256.relu-dense.512.relu,525312,127,60.15610194206238,0.1,0.1,128,128,2080768,1243348614,2.656322717666626,1024,1024,1
2022-08-30T16:08:22,suffix.3-rec.256.relu-dense.512.relu,525312,349,60.039597034454346,0.1,0.1,128,32,1429504,1243348614,2.6330788135528564,1024,1024,1
2022-08-30T16:09:29,suffix.3-rec.256.relu-dense.512.relu,525312,202,60.04492688179016,0.05,0.1,128,64,1654784,1243348614,2.817307949066162,1024,1024,1
2022-08-30T16:10:36,suffix.3-rec.256.relu-dense.512.relu,525312,210,60.204721212387085,0.2,0.1,128,64,1720320,1243348614,nan,1024,1024,1
2022-08-30T16:11:41,suffix.2-rec.128.relu-dense.512.relu,279424,293,60.098323822021484,0.1,0.1,128,64,2400256,1243348614,2.664022445678711,1024,1024,1
2022-08-30T16:12:50,suffix.2-rec.512.relu-dense.512.relu,918784,135,60.10800218582153,0.1,0.1,128,64,1105920,1243348614,nan,1024,1024,1
2022-08-30T16:13:57,suffix.2-rec.256.tanh-dense.512.relu,459776,215,60.10993504524231,0.1,0.1,128,64,1761280,1243348614,3.604523181915283,1024,1024,1
2022-08-30T16:15:06,suffix.2-rec.512.tanh-dense.512.relu,918784,130,60.09837484359741,0.1,0.1,128,64,1064960,1243348614,7.953115463256836,1024,1024,1
2022-08-30T16:16:17,suffix.2-gru.256.tanh-dense.512.relu,853504,120,60.397331953048706,0.1,0.1,128,64,983040,1243348614,2.9912145137786865,1024,1024,1
2022-08-30T16:17:27,suffix.2-lstm.128-dense.512.relu,525568,174,60.29532790184021,0.1,0.1,128,64,1425408,1243348614,2.814842700958252,1024,1024,1
2022-08-30T16:18:33,suffix.2-rec.256.relu-dense.256.relu,328448,290,60.06805419921875,0.1,0.1,128,64,2375680,1243348614,2.672606945037842,1024,1024,1
2022-08-30T16:19:42,suffix.2-rec.256.relu-dense.1024.relu,722432,168,60.334182262420654,0.1,0.1,128,64,1376256,1243348614,2.630516290664673,1024,1024,1
2022-08-30T16:20:48,suffix.2-rec.256.relu-dense.512.tanh,459776,221,60.065760135650635,0.1,0.1,128,64,1810432,1243348614,2.677497148513794,1024,1024,1
2022-08-30T16:21:56,suffix.2-rec.256.relu-rec.256.tanh,393984,249,60.145874977111816,0.1,0.1,128,64,2039808,1243348614,nan,1024,1024,1
2022-08-30T16:23:03,suffix.2-rec.256.relu-gru.128.tanh,377728,228,60.25881791114807,0.1,0.1,128,64,1867776,1243348614,nan,1024,1024,1
2022-08-30T16:24:11,suffix.2-rec.256.relu-lstm.128,427008,194,60.039002895355225,0.1,0.1,128,64,1589248,1243348614,nan,1024,1024,1
2022-08-30T16:25:17,rec.256.relu-dense.512.relu,394240,274,60.20773196220398,0.1,0.1,128,64,2244608,1243348614,2.6108906269073486,1024,1024,1
2022-08-30T16:26:21,suffix.2-rec.256.relu,262656,394,60.10304522514343,0.1,0.1,128,64,3227648,1243348614,2.763209819793701,1024,1024,1
2022-08-30T16:27:28,suffix.2-rec.256.relu-dense.512.relu-dense.256.tanh,525568,202,60.23611402511597,0.1,0.1,128,64,1654784,1243348614,2.5910024642944336,1024,1024,1
2022-08-30T16:28:36,suffix.2-rec.256.relu-dense.512.relu,459776,142,60.34348273277283,0.1,0.1,128,128,2326528,1243348614,2.6443071365356445,1024,1024,1
2022-08-30T16:29:42,suffix.2-rec.256.relu-dense.512.relu,459776,358,60.064614057540894,0.1,0.1,128,32,1466368,1243348614,2.65563702583313,1024,1024,1
2022-08-30T16:30:49,suffix.2-rec.256.relu-dense.512.relu,459776,231,60.21570420265198,0.05,0.1,128,64,1892352,1243348614,2.7854137420654297,1024,1024,1
2022-08-30T16:31:55,suffix.2-rec.256.relu-dense.512.relu,459776,251,60.16709589958191,0.2,0.1,128,64,2056192,1243348614,nan,1024,1024,1
2022-08-30T16:33:04,suffix.2-rec.512.relu-dense.512.relu-dense.256.tanh,984576,134,60.32682967185974,0.1,0.1,128,64,1097728,1243348614,nan,1024,1024,1
2022-08-30T16:34:11,suffix.2-rec.256.tanh-dense.512.relu-dense.256.tanh,525568,228,60.16629409790039,0.1,0.1,128,64,1867776,1243348614,4.819766044616699,1024,1024,1
2022-08-30T16:35:21,suffix.2-rec.512.tanh-dense.512.relu-dense.256.tanh,984576,131,60.0854971408844,0.1,0.1,128,64,1073152,1243348614,4.833825588226318,1024,1024,1
2022-08-30T16:36:32,suffix.2-gru.256.tanh-dense.512.relu-dense.256.tanh,919296,128,60.34685206413269,0.1,0.1,128,64,1048576,1243348614,2.676499605178833,1024,1024,1
2022-08-30T16:37:42,suffix.2-lstm.128-dense.512.relu-dense.256.tanh,591360,172,60.15464186668396,0.1,0.1,128,64,1409024,1243348614,2.7399115562438965,1024,1024,1
2022-08-30T16:38:48,suffix.2-rec.256.relu-dense.256.relu-dense.256.tanh,394240,254,60.22827506065369,0.1,0.1,128,64,2080768,1243348614,nan,1024,1024,1
2022-08-30T16:39:56,suffix.2-rec.256.relu-dense.1024.relu-dense.256.tanh,788224,152,60.155638694763184,0.1,0.1,128,64,1245184,1243348614,nan,1024,1024,1
2022-08-30T16:41:02,suffix.2-rec.256.relu-dense.512.tanh-dense.256.tanh,525568,219,60.03389501571655,0.1,0.1,128,64,1794048,1243348614,nan,1024,1024,1
2022-08-30T16:42:09,suffix.2-rec.256.relu-rec.256.tanh-dense.256.tanh,459776,214,60.24257802963257,0.1,0.1,128,64,1753088,1243348614,nan,1024,1024,1
2022-08-30T16:43:17,suffix.2-rec.256.relu-gru.128.tanh-dense.256.tanh,443520,202,60.168391942977905,0.1,0.1,128,64,1654784,1243348614,nan,1024,1024,1
2022-08-30T16:44:25,suffix.2-rec.256.relu-lstm.64-dense.256.tanh,361472,218,60.025395154953,0.1,0.1,128,64,1785856,1243348614,nan,1024,1024,1
2022-08-30T16:45:34,suffix.2-rec.256.relu-dense.512.relu-dense.512.tanh,722432,157,60.31714105606079,0.1,0.1,128,64,1286144,1243348614,2.636812210083008,1024,1024,1
2022-08-30T16:46:41,suffix.2-rec.256.relu-dense.512.relu-dense.256.relu,525568,187,60.01212286949158,0.1,0.1,128,64,1531904,1243348614,2.6221089363098145,1024,1024,1
2022-08-30T16:47:49,suffix.2-rec.256.relu-dense.512.relu-rec.256.tanh,591104,186,60.01849412918091,0.1,0.1,128,64,1523712,1243348614,nan,1024,1024,1
2022-08-30T16:48:59,suffix.2-rec.256.relu-dense.512.relu-gru.128.tanh,607616,158,60.17195010185242,0.1,0.1,128,64,1294336,1243348614,nan,1024,1024,1
2022-08-30T16:50:11,suffix.2-rec.256.relu-dense.512.relu-lstm.64,492800,193,60.2215940952301,0.1,0.1,128,64,1581056,1243348614,nan,1024,1024,1
2022-08-30T16:51:17,rec.256.relu-dense.512.relu-dense.256.tanh,460032,231,60.223788022994995,0.1,0.1,128,64,1892352,1243348614,nan,1024,1024,1
2022-08-30T16:52:25,suffix.2-rec.256.relu-dense.512.relu-dense.256.tanh-dense.256.tanh,591360,177,60.20348596572876,0.1,0.1,128,64,1449984,1243348614,nan,1024,1024,1
2022-08-30T16:53:33,suffix.2-rec.256.relu-dense.512.relu-dense.256.tanh,525568,121,60.24848985671997,0.1,0.1,128,128,1982464,1243348614,nan,1024,1024,1
2022-08-30T16:54:40,suffix.2-rec.256.relu-dense.512.relu-dense.256.tanh,525568,326,60.16298985481262,0.1,0.1,128,32,1335296,1243348614,nan,1024,1024,1
2022-08-30T16:55:47,suffix.2-rec.256.relu-dense.512.relu-dense.256.tanh,525568,206,60.06560301780701,0.05,0.1,128,64,1687552,1243348614,2.7195756435394287,1024,1024,1
2022-08-30T16:56:54,suffix.2-rec.256.relu-dense.512.relu-dense.256.tanh,525568,217,60.26567506790161,0.2,0.1,128,64,1777664,1243348614,nan,1024,1024,1
2022-08-30T16:58:01,suffix.3-rec.256.relu-dense.512.relu-dense.128.tanh-dense.128.tanh,509184,217,60.22245407104492,0.1,0.1,128,64,1777664,1243348614,nan,1024,1024,1
2022-08-30T16:59:09,suffix.3-rec.256.relu-dense.512.relu-dense.128.tanh,492672,130,60.011595010757446,0.1,0.1,128,128,2129920,1243348614,nan,1024,1024,1
2022-08-30T17:00:17,suffix.3-rec.256.relu-dense.512.relu-dense.128.tanh,492672,339,60.04048705101013,0.1,0.1,128,32,1388544,1243348614,nan,1024,1024,1
2022-08-30T17:01:25,suffix.3-rec.256.relu-dense.512.relu-dense.128.tanh,492672,215,60.248939037323,0.05,0.1,128,64,1761280,1243348614,2.7161638736724854,1024,1024,1
2022-08-30T17:02:31,suffix.3-rec.256.relu-dense.512.relu-dense.128.tanh,492672,241,60.133830308914185,0.2,0.1,128,64,1974272,1243348614,nan,1024,1024,1
2022-08-30T17:03:37,suffix.2-rec.256.relu-dense.512.relu-dense.64.tanh,377920,277,60.22069215774536,0.1,0.1,128,64,2269184,1243348614,2.614816188812256,1024,1024,1
