2022-08-28T23:02:49,rec.128.relu-dense.256.relu-dense.64.tanh,115392,211,24.122987985610962,0.1,0.1,16,256,864256,3836082708,2.8884592056274414,1024,1024,1
2022-08-28T23:03:09,rec.128.tanh-dense.256.relu-dense.64.tanh,115392,402,20.008773803710938,0.1,0.1,16,256,1646592,3836082708,2.829307794570923,1024,1024,1
2022-08-28T23:03:29,rec.128.tanh-dense.256.relu-dense.32.tanh,98976,506,20.00302219390869,0.1,0.1,16,256,2072576,3836082708,2.839810848236084,1024,1024,1
2022-08-28T23:03:50,lstm.128-dense.256.relu-dense.64.tanh,263232,602,20.02602767944336,0.1,0.1,16,256,2465792,3836082708,2.593853235244751,1024,1024,1
2022-08-28T23:04:14,dense.128.tanh-dense.256.relu-dense.64.tanh,99008,723,23.599161386489868,0.1,0.1,16,256,2961408,3836082708,3.6717350482940674,1024,1024,1
2022-08-28T23:04:34,lstm.128-dense.256.relu-gru.32.tanh,266336,535,20.031554460525513,0.1,0.1,16,256,2191360,3836082708,2.801729202270508,1024,1024,1
2022-08-28T23:04:55,lstm.128-gru.256.tanh-dense.64.tanh,525888,538,20.020363092422485,0.1,0.1,16,256,2203648,3836082708,2.6150569915771484,1024,1024,1
2022-08-28T23:05:20,lstm.128-dense.256.relu-dense.64.sigmoid,263232,734,20.044015169143677,0.1,0.1,16,256,3006464,3836082708,2.6449639797210693,1024,1024,1
2022-08-28T23:05:40,suffix.2-lstm.128-dense.256.relu-dense.64.tanh,394304,732,20.015450954437256,0.1,0.1,16,256,2998272,3836082708,2.510204315185547,1024,1024,1
2022-08-28T23:06:00,suffix.2-lstm.128-dense.256.relu-dense.64.tanh,394304,701,20.021191358566284,0.1,0.1,16,512,5742592,3836082708,2.4554038047790527,1024,1024,1
2022-08-28T23:06:21,suffix.2-lstm.128-dense.128.relu-dense.64.tanh,369600,699,20.01385235786438,0.1,0.1,16,512,5726208,3836082708,2.4807379245758057,1024,1024,1
2022-08-28T23:06:41,suffix.2-lstm.128-dense.256.relu-dense.128.tanh,427136,697,20.010079622268677,0.1,0.1,16,512,5709824,3836082708,2.4965028762817383,1024,1024,1
2022-08-28T23:07:02,suffix.2-lstm.128-dense.256.relu-rec.64.tanh,398400,640,20.000627994537354,0.1,0.1,16,512,5242880,3836082708,2.58215069770813,1024,1024,1
2022-08-28T23:07:22,suffix.2-lstm.128-dense.256.relu-dense.64.tanh,394304,591,20.020751953125,0.1,0.1,32,512,9682944,3836082708,2.402374267578125,1024,1024,1
2022-08-28T23:07:43,suffix.2-rec.256.tanh-dense.256.relu-dense.64.tanh,295744,741,20.017224311828613,0.1,0.1,32,512,12140544,3836082708,4.7930684089660645,1024,1024,1
2022-08-28T23:08:03,suffix.2-lstm.128-dense.256.relu-gru.32.tanh,397408,437,20.00441288948059,0.1,0.1,32,512,7159808,3836082708,2.5090219974517822,1024,1024,1
2022-08-28T23:08:24,suffix.2-lstm.128-dense.256.relu-dense.64.tanh,394304,439,20.011594533920288,0.1,0.1,64,512,14385152,3836082708,2.3933472633361816,1024,1024,1
2022-08-28T23:08:44,lstm.128-dense.256.relu-dense.64.tanh,263232,472,20.03721570968628,0.1,0.1,64,512,15466496,3836082708,2.3751113414764404,1024,1024,1
2022-08-28T23:09:04,lstm.128-dense.256.relu-dense.64.sigmoid,263232,469,20.027844429016113,0.1,0.1,64,512,15368192,3836082708,2.521228551864624,1024,1024,1
2022-08-28T23:09:24,dense.256.tanh-dense.256.relu-dense.64.tanh,164672,791,20.021406412124634,0.1,0.1,64,512,25919488,3836082708,3.6603431701660156,1024,1024,1
2022-08-28T23:09:45,lstm.128-dense.256.tanh-dense.64.tanh,263232,466,20.029905796051025,0.1,0.1,64,512,15269888,3836082708,2.4944965839385986,1024,1024,1
2022-08-28T23:10:05,lstm.256-dense.256.relu-dense.64.tanh,624192,268,20.0185489654541,0.1,0.1,64,512,8781824,3836082708,2.524972677230835,1024,1024,1
2022-08-28T23:10:26,lstm.128-lstm.256-dense.64.tanh,624448,288,20.060141563415527,0.1,0.1,64,512,9437184,3836082708,4.755308628082275,1024,1024,1
2022-08-28T23:10:46,lstm.128-dense.256.relu,295936,519,20.010268688201904,0.1,0.1,64,512,17006592,3836082708,2.3344714641571045,1024,1024,1
2022-08-28T23:11:06,lstm.128-dense.256.relu,295936,352,20.02358078956604,0.1,0.1,128,512,23068672,3836082708,2.4876708984375,1024,1024,1
2022-08-28T23:11:26,lstm.128-dense.128.relu,246656,542,20.035472869873047,0.1,0.1,64,512,17760256,3836082708,2.6030938625335693,1024,1024,1
2022-08-28T23:11:47,lstm.128-dense.256.relu,295936,672,20.018186330795288,0.1,0.1,32,512,11010048,3836082708,2.7205872535705566,1024,1024,1
2022-08-28T23:12:07,lstm.128,230144,621,20.022690057754517,0.1,0.1,64,512,20348928,3836082708,2.4475677013397217,1024,1024,1
2022-08-28T23:12:27,lstm.128-dense.256.sigmoid,295936,515,20.001521110534668,0.1,0.1,64,512,16875520,3836082708,2.429743528366089,1024,1024,1
2022-08-28T23:12:48,rec.256.tanh-dense.256.relu,262912,838,20.032942533493042,0.1,0.1,64,512,27459584,3836082708,2.8228304386138916,1024,1024,1
2022-08-28T23:13:08,lstm.64-dense.256.relu,164608,567,20.000385761260986,0.1,0.1,64,512,18579456,3836082708,2.476872682571411,1024,1024,1
2022-08-28T23:13:28,suffix.2-lstm.128-dense.256.relu,427008,481,20.02962303161621,0.1,0.1,64,512,15761408,3836082708,2.3810346126556396,1024,1024,1
2022-08-28T23:13:48,lstm.128-dense.256.tanh,295936,518,20.02371621131897,0.1,0.1,64,512,16973824,3836082708,2.4804625511169434,1024,1024,1
2022-08-28T23:14:09,lstm.128-dense.512.relu,394496,479,20.011998176574707,0.1,0.1,64,512,15695872,3836082708,2.452878475189209,1024,1024,1
2022-08-28T23:14:29,rec.128.tanh-dense.256.relu,148096,888,20.03621244430542,0.1,0.1,64,512,29097984,3836082708,2.4479942321777344,1024,1024,1
2022-08-28T23:14:49,dense.256.tanh-dense.256.relu,197376,948,20.00294518470764,0.1,0.1,64,512,31064064,3836082708,3.660781145095825,1024,1024,1
2022-08-28T23:15:10,lstm.128-dense.256.relu,295936,433,20.007359504699707,0.1,0.1,32,1024,14188544,3836082708,2.4346446990966797,1024,1024,1
2022-08-28T23:15:30,lstm.128-dense.256.relu-dense.128.tanh,296064,479,20.036707401275635,0.1,0.1,64,512,15695872,3836082708,2.7919762134552,1024,1024,1
2022-08-28T23:15:50,lstm.128-dense.256.relu,295936,527,20.016810417175293,0.05,0.1,64,512,17268736,3836082708,2.759442090988159,1024,1024,1
2022-08-28T23:16:11,lstm.128-dense.256.relu,295936,406,20.027142763137817,0.1,0.1,128,256,13303808,3836082708,2.5333361625671387,1024,1024,1
2022-08-28T23:16:31,lstm.128-dense.256.relu,295936,524,20.027830362319946,0.2,0.1,64,512,17170432,3836082708,4.8276238441467285,1024,1024,1
2022-08-28T23:16:51,lstm.256-dense.256.relu,656896,437,20.015045642852783,0.1,0.1,64,512,14319616,3836082708,2.325183153152466,1024,1024,1
2022-08-28T23:17:11,lstm.256-dense.256.relu,656896,618,20.005729913711548,0.1,0.1,32,512,10125312,3836082708,2.3243393898010254,1024,1024,1
2022-08-28T23:17:32,lstm.256-dense.256.relu,656896,620,20.00883173942566,0.2,0.1,32,512,10158080,3836082708,8.192967414855957,1024,1024,1
2022-08-28T23:17:57,lstm.256-dense.256.tanh,656896,619,20.00257897377014,0.1,0.1,32,512,10141696,3836082708,2.283966541290283,1024,1024,1
2022-08-28T23:18:17,lstm.256-dense.256.tanh,656896,479,20.021114110946655,0.1,0.1,32,1024,15695872,3836082708,2.4573864936828613,1024,1024,1
2022-08-28T23:18:38,rec.512.tanh-dense.256.tanh,590848,1003,20.01822280883789,0.1,0.1,32,512,16433152,3836082708,4.67820405960083,1024,1024,1
2022-08-28T23:18:58,lstm.256-dense.256.tanh,656896,461,20.04220461845398,0.1,0.1,64,512,15106048,3836082708,4.594588279724121,1024,1024,1
2022-08-28T23:19:19,lstm.256-gru.128.tanh,706176,441,20.02794885635376,0.1,0.1,32,512,7225344,3836082708,2.531559467315674,1024,1024,1
2022-08-28T23:19:39,lstm.256-dense.256.tanh-dense.128.tanh,657024,557,20.025165557861328,0.1,0.1,32,512,9125888,3836082708,2.315708637237549,1024,1024,1
2022-08-28T23:19:59,lstm.256-gru.256.tanh,985088,424,20.02838683128357,0.1,0.1,32,512,6946816,3836082708,2.310584545135498,1024,1024,1
2022-08-28T23:20:20,lstm.256-dense.256.tanh,656896,648,20.01165223121643,0.05,0.1,32,512,10616832,3836082708,2.5208261013031006,1024,1024,1
2022-08-28T23:20:40,lstm.256-lstm.128,755456,418,20.004642009735107,0.1,0.1,32,512,6848512,3836082708,2.6191458702087402,1024,1024,1
2022-08-28T23:21:00,lstm.256-dense.128.tanh,591232,636,20.001221895217896,0.1,0.1,32,512,10420224,3836082708,2.3851778507232666,1024,1024,1
2022-08-28T23:21:21,lstm.256-dense.256.tanh,656896,510,20.037657976150513,0.1,0.1,64,256,8355840,3836082708,5.150167465209961,1024,1024,1
2022-08-28T23:21:41,lstm.256,591104,734,20.013156175613403,0.1,0.1,32,512,12025856,3836082708,2.326641082763672,1024,1024,1
2022-08-28T23:22:01,lstm.256-dense.256.sigmoid,656896,611,20.03172206878662,0.1,0.1,32,512,10010624,3836082708,2.3784425258636475,1024,1024,1
2022-08-28T23:22:22,lstm.256-rec.256.tanh,722432,570,20.031135082244873,0.1,0.1,32,512,9338880,3836082708,2.3868634700775146,1024,1024,1
2022-08-28T23:22:42,lstm.256-dense.256.tanh,656896,695,20.01500129699707,0.1,0.1,32,256,5693440,3836082708,2.3491291999816895,1024,1024,1
2022-08-28T23:23:02,rec.256.tanh-dense.256.tanh,262912,1078,20.052587270736694,0.1,0.1,32,512,17661952,3836082708,2.863658905029297,1024,1024,1
2022-08-28T23:23:23,gru.256.tanh-dense.256.tanh,525568,710,20.013509511947632,0.1,0.1,32,512,11632640,3836082708,2.247175693511963,1024,1024,1
2022-08-28T23:23:43,gru.256.tanh-dense.256.tanh,525568,867,20.00275468826294,0.1,0.1,16,512,7102464,3836082708,2.3580963611602783,1024,1024,1
2022-08-28T23:24:03,gru.256.tanh-dense.256.tanh,525568,518,20.01021909713745,0.1,0.1,64,512,16973824,3836082708,2.2292253971099854,1024,1024,1
2022-08-28T23:24:24,gru.256.tanh-dense.128.tanh,459904,509,20.03821611404419,0.1,0.1,64,512,16678912,3836082708,2.335083484649658,1024,1024,1
2022-08-28T23:24:44,gru.256.tanh-dense.256.tanh,525568,518,20.012388467788696,0.05,0.1,64,512,16973824,3836082708,2.4379382133483887,1024,1024,1
2022-08-28T23:25:04,gru.256.tanh-dense.256.tanh,525568,478,20.001971006393433,0.2,0.1,64,512,15663104,3836082708,7.2944135665893555,1024,1024,1
2022-08-28T23:25:25,gru.512.tanh-dense.256.tanh,1378304,366,20.050270080566406,0.1,0.1,64,512,11993088,3836082708,2.2056658267974854,1024,1024,1
2022-08-28T23:25:45,lstm.512-dense.256.tanh,1772032,327,20.016504764556885,0.1,0.1,64,512,10715136,3836082708,4.6980390548706055,1024,1024,1
2022-08-28T23:26:06,gru.512.tanh-dense.256.tanh-dense.128.tanh,1378432,335,20.022380352020264,0.1,0.1,64,512,10977280,3836082708,4.703787803649902,1024,1024,1
2022-08-28T23:26:27,gru.1024.tanh-dense.256.tanh,4263424,200,20.00948476791382,0.1,0.1,64,512,6553600,3836082708,4.585976600646973,1024,1024,1
2022-08-28T23:26:47,gru.512.tanh-dense.256.tanh,1378304,216,20.0023672580719,0.1,0.1,128,512,14155776,3836082708,4.5544257164001465,1024,1024,1
2022-08-28T23:27:07,dense.1024.tanh-dense.256.tanh,591360,774,20.001117944717407,0.1,0.1,64,512,25362432,3836082708,3.663722515106201,1024,1024,1
2022-08-28T23:27:28,gru.512.tanh-dense.256.tanh,1378304,304,20.007582426071167,0.1,0.1,128,256,9961472,3836082708,4.588733196258545,1024,1024,1
2022-08-28T23:27:48,gru.512.tanh-dense.256.tanh,1378304,390,20.004901885986328,0.1,0.1,32,1024,12779520,3836082708,2.179898500442505,1024,1024,1
2022-08-28T23:28:09,gru.512.tanh-dense.256.tanh,1378304,417,20.00082492828369,0.2,0.1,32,1024,13664256,3836082708,5.283000946044922,1024,1024,1
2022-08-28T23:28:29,gru.512.tanh-dense.256.tanh-dense.128.tanh,1378432,380,20.034849166870117,0.1,0.1,32,1024,12451840,3836082708,2.6636765003204346,1024,1024,1
2022-08-28T23:28:50,gru.512.tanh-dense.256.sigmoid,1378304,417,20.028886079788208,0.1,0.1,32,1024,13664256,3836082708,2.675555467605591,1024,1024,1
2022-08-28T23:29:10,rec.512.tanh-dense.256.tanh,590848,828,20.01466941833496,0.1,0.1,32,1024,27131904,3836082708,4.673877716064453,1024,1024,1
2022-08-28T23:29:30,gru.512.tanh-gru.256.tanh,1837568,291,20.005061626434326,0.1,0.1,32,1024,9535488,3836082708,2.7899105548858643,1024,1024,1
2022-08-28T23:29:51,gru.512.tanh,1312512,428,20.000898361206055,0.1,0.1,32,1024,14024704,3836082708,2.2505180835723877,1024,1024,1
2022-08-28T23:30:11,gru.512.relu-dense.256.tanh,1378304,391,20.01656174659729,0.1,0.1,32,1024,12812288,3836082708,2.2080721855163574,1024,1024,1
2022-08-28T23:30:32,gru.512.tanh-dense.256.tanh,1378304,255,20.07266902923584,0.1,0.1,32,2048,16711680,3836082708,2.221571207046509,1024,1024,1
2022-08-28T23:30:52,dense.1024.tanh-dense.256.tanh,591360,874,20.007810831069946,0.1,0.1,32,1024,28639232,3836082708,3.6518287658691406,1024,1024,1
2022-08-28T23:31:12,gru.512.tanh-dense.512.tanh,1575168,379,20.046380519866943,0.1,0.1,32,1024,12419072,3836082708,2.470351219177246,1024,1024,1
2022-08-28T23:31:33,dense.512.tanh-dense.256.tanh,328704,1090,20.012150049209595,0.1,0.1,32,1024,35717120,3836082708,3.664644718170166,1024,1024,1
2022-08-28T23:31:53,gru.512.tanh-dense.256.tanh,1378304,587,20.01241707801819,0.1,0.1,16,1024,9617408,3836082708,2.2412548065185547,1024,1024,1
2022-08-28T23:32:13,gru.512.sigmoid-dense.256.tanh,1378304,390,20.037197589874268,0.1,0.1,32,1024,12779520,3836082708,4.842642784118652,1024,1024,1
2022-08-28T23:32:34,gru.512.tanh-dense.256.tanh,1378304,574,20.011723041534424,0.1,0.1,32,512,9404416,3836082708,2.1923606395721436,1024,1024,1
2022-08-28T23:32:54,rec.1024.tanh-dense.256.tanh,1639936,565,20.0259530544281,0.1,0.1,32,1024,18513920,3836082708,4.937087535858154,1024,1024,1
2022-08-28T23:33:15,gru.512.tanh-lstm.256,2034432,266,20.040518522262573,0.1,0.1,32,1024,8716288,3836082708,4.29176139831543,1024,1024,1
2022-08-28T23:33:35,lstm.512-dense.256.tanh,1772032,346,20.047791242599487,0.1,0.1,32,1024,11337728,3836082708,2.328261375427246,1024,1024,1
2022-08-28T23:33:56,gru.512.tanh-dense.256.relu,1378304,390,20.014882802963257,0.1,0.1,32,1024,12779520,3836082708,2.262829542160034,1024,1024,1
2022-08-28T23:34:16,gru.256.tanh-dense.256.tanh,525568,571,20.006982564926147,0.1,0.1,32,1024,18710528,3836082708,2.1950759887695312,1024,1024,1
2022-08-28T23:34:37,gru.512.tanh-dense.256.tanh,1378304,400,20.019609451293945,0.05,0.1,32,1024,13107200,3836082708,2.357853651046753,1024,1024,1
2022-08-28T23:34:57,gru.1024.tanh-dense.256.tanh,4263424,242,20.072144746780396,0.1,0.1,32,1024,7929856,3836082708,4.533053874969482,1024,1024,1
2022-08-28T23:35:18,gru.512.tanh-gru.128.tanh,1460352,310,20.02440857887268,0.1,0.1,32,1024,10158080,3836082708,2.3633832931518555,1024,1024,1
2022-08-28T23:35:38,gru.512.tanh-dense.256.tanh,1378304,237,20.010356664657593,0.1,0.1,64,1024,15532032,3836082708,2.254530429840088,1024,1024,1
2022-08-28T23:35:59,gru.512.tanh-dense.128.tanh,1279872,389,20.01271963119507,0.1,0.1,32,1024,12746752,3836082708,2.1994082927703857,1024,1024,1
2022-08-28T23:36:19,gru.512.tanh-rec.256.tanh,1443840,387,20.02743434906006,0.1,0.1,32,1024,12681216,3836082708,3.8616623878479004,1024,1024,1
2022-08-28T23:36:40,gru.512.tanh-lstm.128,1542400,301,20.036874771118164,0.1,0.1,32,1024,9863168,3836082708,3.3883121013641357,1024,1024,1
2022-08-28T23:37:00,suffix.2-gru.512.tanh-dense.256.tanh,1771520,367,20.0436270236969,0.1,0.1,32,1024,12025856,3836082708,2.18959903717041,1024,1024,1
2022-08-28T23:37:21,gru.512.tanh-dense.256.tanh,1378304,399,20.00775671005249,0.1,0.1,16,2048,13074432,3836082708,2.2730493545532227,1024,1024,1
2022-08-28T23:37:41,suffix.2-gru.512.tanh-dense.256.tanh,1771520,249,20.00359272956848,0.1,0.1,32,2048,16318464,3836082708,2.2193665504455566,1024,1024,1
2022-08-28T23:38:02,suffix.2-gru.512.tanh-lstm.256,2427648,244,20.016005516052246,0.1,0.1,32,1024,7995392,3836082708,4.0602545738220215,1024,1024,1
2022-08-28T23:38:22,suffix.2-gru.512.tanh-gru.128.tanh,1853568,293,20.010437726974487,0.1,0.1,32,1024,9601024,3836082708,2.338134288787842,1024,1024,1
2022-08-28T23:38:43,suffix.2-gru.512.tanh-dense.256.tanh,1771520,397,20.00666093826294,0.2,0.1,32,1024,13008896,3836082708,5.6812591552734375,1024,1024,1
2022-08-28T23:39:03,suffix.2-rec.512.tanh-dense.256.tanh,721920,751,20.014536142349243,0.1,0.1,32,1024,24608768,3836082708,4.788904190063477,1024,1024,1
2022-08-28T23:39:24,suffix.2-gru.512.tanh-dense.256.sigmoid,1771520,387,20.025045156478882,0.1,0.1,32,1024,12681216,3836082708,3.269598960876465,1024,1024,1
2022-08-28T23:39:44,suffix.2-gru.512.tanh-dense.512.tanh,1968384,371,20.008982181549072,0.1,0.1,32,1024,12156928,3836082708,2.253391742706299,1024,1024,1
2022-08-28T23:40:05,suffix.2-gru.512.tanh-lstm.128,1935616,292,20.00051784515381,0.1,0.1,32,1024,9568256,3836082708,4.3918867111206055,1024,1024,1
2022-08-28T23:40:25,suffix.2-gru.256.tanh-dense.256.tanh,722176,515,20.032142400741577,0.1,0.1,32,1024,16875520,3836082708,2.191648244857788,1024,1024,1
2022-08-28T23:40:45,suffix.2-gru.512.tanh-dense.256.tanh,1771520,384,20.04270648956299,0.05,0.1,32,1024,12582912,3836082708,2.3410511016845703,1024,1024,1
2022-08-28T23:41:06,suffix.2-gru.1024.tanh-dense.256.tanh,5049856,218,20.022363424301147,0.1,0.1,32,1024,7143424,3836082708,2.727731704711914,1024,1024,1
2022-08-28T23:41:27,suffix.2-gru.512.tanh-dense.256.tanh,1771520,576,20.004061698913574,0.1,0.1,16,1024,9437184,3836082708,2.2369723320007324,1024,1024,1
2022-08-28T23:41:47,suffix.2-gru.512.relu-dense.256.tanh,1771520,394,20.015525102615356,0.1,0.1,32,1024,12910592,3836082708,2.1984975337982178,1024,1024,1
2022-08-28T23:42:08,suffix.2-lstm.512-dense.256.tanh,2296320,317,20.04396677017212,0.1,0.1,32,1024,10387456,3836082708,2.3408119678497314,1024,1024,1
2022-08-28T23:42:29,suffix.2-gru.512.sigmoid-dense.256.tanh,1771520,365,20.041023015975952,0.1,0.1,32,1024,11960320,3836082708,4.82533073425293,1024,1024,1
2022-08-28T23:42:49,suffix.2-rec.1024.tanh-dense.256.tanh,1902080,514,20.0353741645813,0.1,0.1,32,1024,16842752,3836082708,4.7879533767700195,1024,1024,1
2022-08-28T23:43:10,suffix.2-gru.512.tanh-dense.256.tanh,1771520,398,20.021719694137573,0.1,0.1,16,2048,13041664,3836082708,2.2274627685546875,1024,1024,1
2022-08-28T23:43:30,suffix.2-gru.512.tanh-dense.128.tanh,1673088,394,20.044385194778442,0.1,0.1,32,1024,12910592,3836082708,2.1779212951660156,1024,1024,1
2022-08-28T23:43:51,suffix.3-gru.512.tanh-dense.128.tanh,2066304,390,20.034444093704224,0.1,0.1,32,1024,12779520,3836082708,2.1932671070098877,1024,1024,1
2022-08-28T23:44:11,suffix.2-gru.512.tanh-dense.128.tanh,1673088,360,20.02847123146057,0.1,0.1,64,512,11796480,3836082708,2.2277073860168457,1024,1024,1
2022-08-28T23:44:32,suffix.2-gru.512.tanh-dense.128.tanh-dense.128.tanh,1689600,356,20.04796051979065,0.1,0.1,32,1024,11665408,3836082708,2.2704014778137207,1024,1024,1
2022-08-28T23:44:52,suffix.2-gru.512.relu-dense.128.tanh,1673088,371,20.005620002746582,0.1,0.1,32,1024,12156928,3836082708,2.200531005859375,1024,1024,1
2022-08-28T23:45:13,suffix.2-gru.512.tanh-rec.128.tanh,1689472,376,20.035316705703735,0.1,0.1,32,1024,12320768,3836082708,2.3536598682403564,1024,1024,1
2022-08-28T23:45:33,suffix.2-gru.512.tanh-dense.128.sigmoid,1673088,385,20.005123376846313,0.1,0.1,32,1024,12615680,3836082708,2.7192025184631348,1024,1024,1
2022-08-28T23:45:54,suffix.2-gru.512.tanh-dense.128.relu,1673088,384,20.001819610595703,0.1,0.1,32,1024,12582912,3836082708,2.4180428981781006,1024,1024,1
2022-08-28T23:46:14,suffix.2-gru.256.tanh-dense.128.tanh,656512,532,20.011544942855835,0.1,0.1,32,1024,17432576,3836082708,2.3147521018981934,1024,1024,1
2022-08-28T23:46:35,suffix.2-gru.1024.tanh-dense.128.tanh,4885888,207,20.06432008743286,0.1,0.1,32,1024,6782976,3836082708,4.5719685554504395,1024,1024,1
2022-08-28T23:46:56,suffix.2-gru.512.tanh-lstm.64,1738752,306,20.07355499267578,0.1,0.1,32,1024,10027008,3836082708,2.5436465740203857,1024,1024,1
2022-08-28T23:47:17,suffix.2-gru.512.tanh-gru.64.tanh,1701824,325,20.04970669746399,0.1,0.1,32,1024,10649600,3836082708,2.4880642890930176,1024,1024,1
2022-08-28T23:47:37,suffix.2-gru.512.sigmoid-dense.128.tanh,1673088,394,20.021622896194458,0.1,0.1,32,1024,12910592,3836082708,4.8503217697143555,1024,1024,1
2022-08-28T23:47:58,suffix.2-gru.512.tanh-dense.128.tanh,1673088,542,20.019250631332397,0.1,0.1,32,512,8880128,3836082708,2.219034194946289,1024,1024,1
2022-08-28T23:48:18,suffix.2-gru.512.tanh-dense.128.tanh,1673088,396,20.0469868183136,0.05,0.1,32,1024,12976128,3836082708,2.4012579917907715,1024,1024,1
2022-08-28T23:48:39,suffix.2-gru.512.tanh-dense.128.tanh,1673088,589,20.02400040626526,0.1,0.1,16,1024,9650176,3836082708,2.2537827491760254,1024,1024,1
2022-08-28T23:48:59,suffix.2-gru.512.tanh-dense.128.tanh,1673088,242,20.047820329666138,0.1,0.1,64,1024,15859712,3836082708,2.521150588989258,1024,1024,1
2022-08-28T23:49:19,suffix.2-dense.512.tanh-dense.128.tanh,361344,1075,20.0000741481781,0.1,0.1,32,1024,35225600,3836082708,3.013154983520508,1024,1024,1
2022-08-28T23:49:40,suffix.2-lstm.512-dense.128.tanh,2197888,336,20.04484534263611,0.1,0.1,32,1024,11010048,3836082708,2.5426831245422363,1024,1024,1
2022-08-28T23:50:00,suffix.2-gru.512.tanh-dense.128.tanh,1673088,256,20.05022931098938,0.1,0.1,32,2048,16777216,3836082708,2.244478940963745,1024,1024,1
2022-08-28T23:50:21,suffix.2-gru.512.tanh-dense.128.tanh,1673088,375,20.028915643692017,0.2,0.1,32,1024,12288000,3836082708,4.863510608673096,1024,1024,1
2022-08-28T23:50:41,suffix.2-gru.512.tanh,1705728,438,20.026458024978638,0.1,0.1,32,1024,14352384,3836082708,2.221555709838867,1024,1024,1
2022-08-28T23:51:02,suffix.2-rec.1024.tanh-dense.128.tanh,1738112,529,20.018674612045288,0.1,0.1,32,1024,17334272,3836082708,4.853281497955322,1024,1024,1
2022-08-28T23:51:22,suffix.2-dense.1024.tanh-dense.128.tanh,689536,778,20.015992879867554,0.1,0.1,32,1024,25493504,3836082708,3.0224292278289795,1024,1024,1
2022-08-28T23:51:42,suffix.2-gru.512.tanh-dense.64.tanh,1623872,390,20.008509397506714,0.1,0.1,32,1024,12779520,3836082708,2.2080652713775635,1024,1024,1
2022-08-28T23:52:03,suffix.2-rec.512.tanh-dense.128.tanh,623488,799,20.025463581085205,0.1,0.1,32,1024,26181632,3836082708,4.567800998687744,1024,1024,1
2022-08-28T23:52:23,suffix.2-gru.512.tanh-dense.128.tanh,1673088,406,20.04500126838684,0.1,0.1,16,2048,13303808,3836082708,2.241004705429077,1024,1024,1
2022-08-28T23:52:44,suffix.2-gru.512.tanh-dense.256.relu,1771520,371,20.049324989318848,0.1,0.1,32,1024,12156928,3836082708,2.2878687381744385,1024,1024,1
2022-08-28T23:53:04,suffix.2-gru.512.tanh-dense.256.tanh,1771520,368,20.015938758850098,0.1,0.1,64,512,12058624,3836082708,2.165987253189087,1024,1024,1
2022-08-28T23:53:25,suffix.2-gru.512.tanh-dense.256.tanh,1771520,342,20.0018208026886,0.2,0.1,64,512,11206656,3836082708,5.485970973968506,1024,1024,1
2022-08-28T23:53:45,suffix.2-gru.512.tanh-gru.256.tanh,2230784,255,20.068158864974976,0.1,0.1,64,512,8355840,3836082708,2.4798786640167236,1024,1024,1
2022-08-28T23:54:06,suffix.2-gru.512.tanh,1705728,376,20.051843404769897,0.1,0.1,64,512,12320768,3836082708,2.2056140899658203,1024,1024,1
2022-08-28T23:54:26,suffix.2-gru.512.tanh-dense.256.tanh,1771520,218,20.01206111907959,0.1,0.1,128,512,14286848,3836082708,2.2420365810394287,1024,1024,1
2022-08-28T23:54:47,suffix.2-gru.512.tanh-dense.256.tanh,1771520,345,20.001789808273315,0.05,0.1,64,512,11304960,3836082708,2.3640077114105225,1024,1024,1
2022-08-28T23:55:07,suffix.2-gru.512.tanh-dense.256.sigmoid,1771520,341,20.02211332321167,0.1,0.1,64,512,11173888,3836082708,2.2094380855560303,1024,1024,1
2022-08-28T23:55:28,suffix.3-gru.512.tanh-dense.256.tanh,2164736,349,20.03570008277893,0.1,0.1,64,512,11436032,3836082708,2.1985843181610107,1024,1024,1
2022-08-28T23:55:48,suffix.2-rec.1024.tanh-dense.256.tanh,1902080,450,20.033124685287476,0.1,0.1,64,512,14745600,3836082708,4.823597431182861,1024,1024,1
2022-08-28T23:56:09,suffix.2-gru.512.tanh-dense.256.tanh,1771520,211,20.03512692451477,0.1,0.1,64,1024,13828096,3836082708,2.3004348278045654,1024,1024,1
2022-08-28T23:56:29,suffix.2-gru.512.tanh-dense.256.tanh,1771520,443,20.013882160186768,0.1,0.1,64,256,7258112,3836082708,2.6740870475769043,1024,1024,1
2022-08-28T23:56:49,suffix.2-dense.512.tanh-dense.256.tanh,459776,879,20.01332974433899,0.1,0.1,64,512,28803072,3836082708,3.0076465606689453,1024,1024,1
2022-08-28T23:57:10,suffix.2-gru.512.tanh-dense.512.tanh,1968384,345,20.030025005340576,0.1,0.1,64,512,11304960,3836082708,2.2632477283477783,1024,1024,1
2022-08-28T23:57:31,suffix.2-gru.512.tanh-rec.256.tanh,1837056,342,20.018920183181763,0.1,0.1,64,512,11206656,3836082708,2.4457342624664307,1024,1024,1
2022-08-28T23:57:51,suffix.2-rec.512.tanh-dense.256.tanh,721920,701,20.03038740158081,0.1,0.1,64,512,22970368,3836082708,4.590066909790039,1024,1024,1
2022-08-28T23:58:11,suffix.2-gru.512.relu-dense.256.tanh,1771520,366,20.00937819480896,0.1,0.1,64,512,11993088,3836082708,2.1691226959228516,1024,1024,1
2022-08-28T23:58:32,suffix.2-lstm.512-dense.256.tanh,2296320,312,20.032694101333618,0.1,0.1,64,512,10223616,3836082708,4.633233070373535,1024,1024,1
2022-08-28T23:58:52,suffix.2-gru.512.tanh-dense.256.tanh,1771520,549,20.015984773635864,0.1,0.1,32,512,8994816,3836082708,2.1824779510498047,1024,1024,1
2022-08-28T23:59:13,suffix.2-gru.512.tanh-dense.256.tanh,1771520,289,20.05967092514038,0.1,0.1,128,256,9469952,3836082708,2.2492644786834717,1024,1024,1
2022-08-28T23:59:33,suffix.2-gru.512.sigmoid-dense.256.tanh,1771520,350,20.01651167869568,0.1,0.1,64,512,11468800,3836082708,4.844577789306641,1024,1024,1
2022-08-28T23:59:54,suffix.2-gru.512.tanh-dense.256.tanh-dense.128.tanh,1771648,336,20.01435089111328,0.1,0.1,64,512,11010048,3836082708,2.5635197162628174,1024,1024,1
2022-08-29T00:00:14,suffix.2-dense.1024.tanh-dense.256.tanh,853504,711,20.00567364692688,0.1,0.1,64,512,23298048,3836082708,3.003190517425537,1024,1024,1
2022-08-29T00:00:35,suffix.2-gru.1024.tanh-dense.256.tanh,5049856,204,20.084827661514282,0.1,0.1,64,512,6684672,3836082708,4.573852062225342,1024,1024,1
2022-08-29T00:00:56,suffix.2-gru.512.tanh-dense.256.relu,1771520,364,20.013792037963867,0.1,0.1,64,512,11927552,3836082708,2.4997496604919434,1024,1024,1
2022-08-29T00:01:16,suffix.2-gru.256.tanh-dense.256.tanh,722176,461,20.031148195266724,0.1,0.1,64,512,15106048,3836082708,2.1919267177581787,1024,1024,1
2022-08-29T00:01:37,suffix.2-gru.512.tanh-gru.128.tanh,1853568,265,20.04871439933777,0.1,0.1,64,512,8683520,3836082708,2.4316515922546387,1024,1024,1
2022-08-29T00:01:57,suffix.2-gru.512.tanh-lstm.128,1935616,253,20.016881942749023,0.1,0.1,64,512,8290304,3836082708,84.44050598144531,1024,1024,1
2022-08-29T00:02:18,suffix.2-gru.512.tanh-lstm.256,2427648,236,20.089844226837158,0.1,0.1,64,512,7733248,3836082708,14.236021041870117,1024,1024,1
2022-08-29T00:02:38,suffix.2-gru.512.relu-dense.512.tanh,1968384,344,20.03537154197693,0.1,0.1,64,512,11272192,3836082708,2.221952438354492,1024,1024,1
2022-08-29T00:02:59,suffix.2-gru.512.relu-dense.256.tanh,1771520,523,20.03113627433777,0.1,0.1,32,512,8568832,3836082708,2.1892857551574707,1024,1024,1
2022-08-29T00:03:19,suffix.2-gru.512.relu-dense.256.tanh,1771520,343,20.037959814071655,0.05,0.1,64,512,11239424,3836082708,2.536558151245117,1024,1024,1
2022-08-29T00:03:40,suffix.2-rec.1024.relu-dense.256.tanh,1902080,472,20.02380609512329,0.1,0.1,64,512,15466496,3836082708,nan,1024,1024,1
2022-08-29T00:04:00,suffix.2-gru.512.relu-dense.256.tanh,1771520,219,20.066879510879517,0.1,0.1,64,1024,14352384,3836082708,2.252110004425049,1024,1024,1
2022-08-29T00:04:21,suffix.2-gru.512.relu-dense.256.tanh-dense.128.tanh,1771648,337,20.02698516845703,0.1,0.1,64,512,11042816,3836082708,2.2905259132385254,1024,1024,1
2022-08-29T00:04:41,suffix.2-gru.512.relu-dense.256.sigmoid,1771520,375,20.015867948532104,0.1,0.1,64,512,12288000,3836082708,nan,1024,1024,1
2022-08-29T00:05:02,suffix.2-gru.512.relu-dense.256.tanh,1771520,290,20.061199188232422,0.1,0.1,128,256,9502720,3836082708,nan,1024,1024,1
2022-08-29T00:05:22,suffix.2-gru.512.relu-gru.128.tanh,1853568,289,20.00624179840088,0.1,0.1,64,512,9469952,3836082708,nan,1024,1024,1
2022-08-29T00:05:43,suffix.2-gru.512.relu,1705728,408,20.0369393825531,0.1,0.1,64,512,13369344,3836082708,2.2427711486816406,1024,1024,1
2022-08-29T00:06:03,suffix.2-gru.512.relu-dense.128.tanh,1673088,371,20.040457248687744,0.1,0.1,64,512,12156928,3836082708,2.204329252243042,1024,1024,1
2022-08-29T00:06:24,suffix.2-rec.512.relu-dense.256.tanh,721920,714,20.002537965774536,0.1,0.1,64,512,23396352,3836082708,nan,1024,1024,1
2022-08-29T00:06:44,suffix.2-gru.256.relu-dense.256.tanh,722176,449,20.006497383117676,0.1,0.1,64,512,14712832,3836082708,2.323529005050659,1024,1024,1
2022-08-29T00:07:05,suffix.2-gru.1024.relu-dense.256.tanh,5049856,215,20.06545400619507,0.1,0.1,64,512,7045120,3836082708,nan,1024,1024,1
2022-08-29T00:07:25,suffix.2-gru.512.relu-dense.256.tanh,1771520,217,20.068382024765015,0.1,0.1,128,512,14221312,3836082708,nan,1024,1024,1
2022-08-29T00:07:46,suffix.2-gru.512.relu-dense.256.relu,1771520,344,20.022255182266235,0.1,0.1,64,512,11272192,3836082708,2.1980605125427246,1024,1024,1
2022-08-29T00:08:06,gru.512.relu-dense.256.tanh,1378304,386,20.03293800354004,0.1,0.1,64,512,12648448,3836082708,2.1778523921966553,1024,1024,1
2022-08-29T00:08:27,suffix.3-gru.512.relu-dense.256.tanh,2164736,351,20.000584363937378,0.1,0.1,64,512,11501568,3836082708,2.1537210941314697,1024,1024,1
2022-08-29T00:08:47,suffix.3-gru.512.relu-dense.128.tanh,2066304,352,20.007154941558838,0.1,0.1,64,512,11534336,3836082708,2.1719436645507812,1024,1024,1
2022-08-29T00:09:08,suffix.3-gru.512.relu-dense.256.tanh,2164736,384,20.0510356426239,0.1,0.1,32,1024,12582912,3836082708,2.1960651874542236,1024,1024,1
2022-08-29T00:09:29,suffix.3-gru.512.relu-dense.256.relu,2164736,348,20.032440900802612,0.1,0.1,64,512,11403264,3836082708,2.1935534477233887,1024,1024,1
2022-08-29T00:09:49,suffix.3-gru.512.relu-dense.256.tanh-dense.128.tanh,2164864,319,20.059264183044434,0.1,0.1,64,512,10452992,3836082708,2.3631584644317627,1024,1024,1
2022-08-29T00:10:10,suffix.3-dense.1024.relu-dense.256.tanh,1115648,668,20.025408029556274,0.1,0.1,64,512,21889024,3836082708,2.58139705657959,1024,1024,1
2022-08-29T00:10:30,suffix.4-gru.512.relu-dense.256.tanh,2557952,302,20.04549503326416,0.1,0.1,64,512,9895936,3836082708,2.2264907360076904,1024,1024,1
2022-08-29T00:10:51,suffix.3-gru.512.relu-dense.256.tanh,2164736,445,20.034711599349976,0.1,0.1,64,256,7290880,3836082708,2.2031702995300293,1024,1024,1
2022-08-29T00:11:12,suffix.3-gru.512.relu-lstm.256,2820864,221,20.056040287017822,0.1,0.1,64,512,7241728,3836082708,2.3452847003936768,1024,1024,1
2022-08-29T00:11:32,suffix.3-gru.512.relu-dense.512.tanh,2361600,322,20.046070337295532,0.1,0.1,64,512,10551296,3836082708,2.2109456062316895,1024,1024,1
2022-08-29T00:11:53,suffix.3-gru.256.relu-dense.256.tanh,918784,452,20.039363622665405,0.1,0.1,64,512,14811136,3836082708,2.303820848464966,1024,1024,1
2022-08-29T00:12:13,suffix.3-gru.512.relu-gru.256.tanh,2624000,253,20.018549919128418,0.1,0.1,64,512,8290304,3836082708,nan,1024,1024,1
2022-08-29T00:12:34,suffix.3-gru.512.relu-dense.256.tanh,2164736,500,20.004844188690186,0.1,0.1,32,512,8192000,3836082708,2.1850388050079346,1024,1024,1
2022-08-29T00:12:54,suffix.3-gru.512.relu-dense.256.tanh,2164736,335,20.037293672561646,0.2,0.1,64,512,10977280,3836082708,nan,1024,1024,1
2022-08-29T00:13:15,suffix.3-rec.1024.relu-dense.256.tanh,2164224,459,20.013622522354126,0.1,0.1,64,512,15040512,3836082708,nan,1024,1024,1
2022-08-29T00:13:35,suffix.3-gru.512.relu-dense.256.tanh,2164736,275,20.027904510498047,0.1,0.1,128,256,9011200,3836082708,2.203038454055786,1024,1024,1
2022-08-29T00:13:56,suffix.3-gru.512.relu,2098944,358,20.010180234909058,0.1,0.1,64,512,11730944,3836082708,2.2822437286376953,1024,1024,1
2022-08-29T00:14:16,suffix.3-gru.512.relu-dense.256.tanh,2164736,212,20.065351963043213,0.1,0.1,128,512,13893632,3836082708,nan,1024,1024,1
2022-08-29T00:14:37,suffix.3-lstm.512-dense.256.tanh,2820608,285,20.008326292037964,0.1,0.1,64,512,9338880,3836082708,4.702098369598389,1024,1024,1
2022-08-29T00:14:58,suffix.3-gru.512.relu-gru.128.tanh,2246784,279,20.021754264831543,0.1,0.1,64,512,9142272,3836082708,nan,1024,1024,1
2022-08-29T00:15:18,suffix.3-gru.512.relu-dense.256.tanh,2164736,231,20.03075075149536,0.1,0.1,64,1024,15138816,3836082708,2.1516151428222656,1024,1024,1
2022-08-29T00:15:39,suffix.3-gru.512.relu-dense.256.relu,2164736,214,20.082064628601074,0.1,0.1,64,1024,14024704,3836082708,2.2602920532226562,1024,1024,1
2022-08-29T00:15:59,suffix.3-gru.512.relu,2098944,232,20.007102251052856,0.1,0.1,64,1024,15204352,3836082708,2.3110458850860596,1024,1024,1
2022-08-29T00:16:20,suffix.3-gru.512.sigmoid-dense.256.tanh,2164736,221,20.09968137741089,0.1,0.1,64,1024,14483456,3836082708,4.494138240814209,1024,1024,1
2022-08-29T00:16:41,suffix.3-gru.1024.relu-dense.256.tanh,5836288,128,20.105468273162842,0.1,0.1,64,1024,8388608,3836082708,nan,1024,1024,1
2022-08-29T00:17:01,suffix.3-gru.512.relu-dense.256.tanh,2164736,118,20.129220724105835,0.1,0.1,128,1024,15466496,3836082708,2.3796424865722656,1024,1024,1
2022-08-29T00:17:22,suffix.3-rec.512.relu-dense.256.tanh,852992,495,20.0267550945282,0.1,0.1,64,1024,32440320,3836082708,nan,1024,1024,1
2022-08-29T00:17:42,suffix.3-gru.512.tanh-dense.256.tanh,2164736,216,20.06991171836853,0.1,0.1,64,1024,14155776,3836082708,2.2722723484039307,1024,1024,1
2022-08-29T00:18:03,suffix.3-rec.1024.relu-dense.256.tanh,2164224,308,20.06448793411255,0.1,0.1,64,1024,20185088,3836082708,nan,1024,1024,1
2022-08-29T00:18:23,suffix.3-gru.512.relu-dense.256.tanh-dense.128.tanh,2164864,216,20.018255949020386,0.1,0.1,64,1024,14155776,3836082708,2.5754852294921875,1024,1024,1
2022-08-29T00:18:44,suffix.3-gru.512.relu-lstm.256,2820864,159,20.002867460250854,0.1,0.1,64,1024,10420224,3836082708,2.46122407913208,1024,1024,1
2022-08-29T00:19:04,suffix.3-gru.512.relu-rec.256.tanh,2230272,209,20.003405570983887,0.1,0.1,64,1024,13697024,3836082708,nan,1024,1024,1
2022-08-29T00:19:25,suffix.3-gru.256.relu-dense.256.tanh,918784,333,20.00686502456665,0.1,0.1,64,1024,21823488,3836082708,2.266855239868164,1024,1024,1
2022-08-29T00:19:46,suffix.3-gru.512.relu-gru.256.tanh,2624000,154,20.068930864334106,0.1,0.1,64,1024,10092544,3836082708,nan,1024,1024,1
2022-08-29T00:20:06,suffix.3-gru.512.relu-dense.128.tanh,2066304,219,20.018871784210205,0.1,0.1,64,1024,14352384,3836082708,2.2824935913085938,1024,1024,1
2022-08-29T00:20:27,suffix.3-gru.512.relu-dense.256.tanh,2164736,230,20.01763129234314,0.05,0.1,64,1024,15073280,3836082708,2.6080875396728516,1024,1024,1
2022-08-29T00:20:47,suffix.3-dense.1024.relu-dense.256.tanh,1115648,466,20.007450342178345,0.1,0.1,64,1024,30539776,3836082708,2.567958116531372,1024,1024,1
2022-08-29T00:21:07,suffix.3-gru.512.relu-dense.256.sigmoid,2164736,212,20.028424739837646,0.1,0.1,64,1024,13893632,3836082708,2.3195812702178955,1024,1024,1
2022-08-29T00:21:28,suffix.3-gru.512.relu-dense.256.tanh,2164736,141,20.10245156288147,0.1,0.1,64,2048,18481152,3836082708,2.312316417694092,1024,1024,1
2022-08-29T00:21:48,suffix.3-gru.512.relu-dense.256.tanh,2164736,245,20.001973390579224,0.1,0.1,32,2048,16056320,3836082708,2.2041051387786865,1024,1024,1
2022-08-29T00:22:09,suffix.3-gru.512.relu-lstm.128,2328832,168,20.100332498550415,0.1,0.1,64,1024,11010048,3836082708,2.399529457092285,1024,1024,1
2022-08-29T00:22:30,suffix.3-gru.512.relu-dense.256.tanh,2164736,220,20.075212240219116,0.2,0.1,64,1024,14417920,3836082708,nan,1024,1024,1
2022-08-29T00:22:50,suffix.4-gru.512.relu-dense.256.tanh,2557952,205,20.063811540603638,0.1,0.1,64,1024,13434880,3836082708,2.247973918914795,1024,1024,1
2022-08-29T00:23:11,suffix.3-dense.512.relu-dense.256.tanh,590848,602,20.01927638053894,0.1,0.1,64,1024,39452672,3836082708,2.593482494354248,1024,1024,1
2022-08-29T00:23:31,suffix.3-gru.512.relu-dense.512.tanh,2361600,218,20.033276796340942,0.1,0.1,64,1024,14286848,3836082708,2.1966230869293213,1024,1024,1
2022-08-29T00:23:52,suffix.3-lstm.512-dense.256.tanh,2820608,189,20.04975914955139,0.1,0.1,64,1024,12386304,3836082708,5.225903511047363,1024,1024,1
2022-08-29T00:24:12,suffix.3-gru.512.relu-gru.128.tanh,2246784,183,20.08843207359314,0.1,0.1,64,1024,11993088,3836082708,nan,1024,1024,1
2022-08-29T00:24:33,suffix.3-rec.512.relu-dense.256.tanh,852992,699,20.00072479248047,0.1,0.1,64,512,22904832,3836082708,nan,1024,1024,1
2022-08-29T00:24:53,suffix.3-gru.512.sigmoid-dense.256.tanh,2164736,342,20.039543390274048,0.1,0.1,64,512,11206656,3836082708,3.84409499168396,1024,1024,1
2022-08-29T00:25:14,suffix.3-gru.512.relu-dense.256.tanh,2164736,343,20.007420778274536,0.05,0.1,64,512,11239424,3836082708,2.4706897735595703,1024,1024,1
2022-08-29T00:25:34,suffix.3-gru.512.relu-dense.256.sigmoid,2164736,333,20.0301570892334,0.1,0.1,64,512,10911744,3836082708,nan,1024,1024,1
2022-08-29T00:25:54,suffix.3-dense.512.relu-dense.256.tanh,590848,819,20.01894760131836,0.1,0.1,64,512,26836992,3836082708,2.6012039184570312,1024,1024,1
2022-08-29T00:26:15,suffix.3-gru.512.relu-rec.256.tanh,2230272,319,20.02257800102234,0.1,0.1,64,512,10452992,3836082708,nan,1024,1024,1
2022-08-29T00:26:36,suffix.3-gru.512.relu-lstm.128,2328832,247,20.00825023651123,0.1,0.1,64,512,8093696,3836082708,2.3170175552368164,1024,1024,1
2022-08-29T00:26:56,suffix.3-gru.1024.relu-dense.256.tanh,5836288,194,20.006856441497803,0.1,0.1,64,512,6356992,3836082708,nan,1024,1024,1
2022-08-29T00:27:17,suffix.2-gru.512.relu-lstm.256,2427648,224,20.064346075057983,0.1,0.1,64,512,7340032,3836082708,2.4368391036987305,1024,1024,1
2022-08-29T00:27:38,suffix.2-gru.512.relu-lstm.128,1935616,261,20.01742434501648,0.1,0.1,64,512,8552448,3836082708,2.2933413982391357,1024,1024,1
2022-08-29T00:27:58,suffix.2-gru.512.relu-gru.256.tanh,2230784,260,20.019225358963013,0.1,0.1,64,512,8519680,3836082708,nan,1024,1024,1
2022-08-29T00:28:19,suffix.2-gru.512.relu-dense.256.tanh,1771520,367,20.044525861740112,0.2,0.1,64,512,12025856,3836082708,nan,1024,1024,1
2022-08-29T00:28:39,suffix.2-gru.512.relu-dense.256.tanh,1771520,467,20.033611297607422,0.1,0.1,64,256,7651328,3836082708,2.2280325889587402,1024,1024,1
2022-08-29T00:28:59,suffix.2-dense.1024.relu-dense.256.tanh,853504,744,20.02311062812805,0.1,0.1,64,512,24379392,3836082708,3.008331060409546,1024,1024,1
2022-08-29T00:29:20,suffix.2-gru.512.relu-rec.256.tanh,1837056,349,20.025887966156006,0.1,0.1,64,512,11436032,3836082708,nan,1024,1024,1
2022-08-29T00:29:40,suffix.2-dense.512.relu-dense.256.tanh,459776,910,20.001299619674683,0.1,0.1,64,512,29818880,3836082708,2.9896745681762695,1024,1024,1
2022-08-29T00:30:01,suffix.3-gru.256.relu-dense.128.tanh,853120,445,20.0027859210968,0.1,0.1,64,512,14581760,3836082708,nan,1024,1024,1
2022-08-29T00:30:21,suffix.3-gru.512.relu-dense.128.tanh,2066304,198,20.051355361938477,0.1,0.1,128,512,12976128,3836082708,2.269688129425049,1024,1024,1
2022-08-29T00:30:41,suffix.3-dense.1024.relu-dense.128.tanh,951680,708,20.003940105438232,0.1,0.1,64,512,23199744,3836082708,2.5565543174743652,1024,1024,1
2022-08-29T00:31:02,suffix.3-lstm.512-dense.128.tanh,2722176,292,20.0657901763916,0.1,0.1,64,512,9568256,3836082708,4.780964374542236,1024,1024,1
2022-08-29T00:31:23,suffix.3-gru.512.relu-gru.64.tanh,2095040,275,20.041091203689575,0.1,0.1,64,512,9011200,3836082708,nan,1024,1024,1
2022-08-29T00:31:43,suffix.3-gru.512.relu-dense.128.tanh,2066304,379,20.04276418685913,0.1,0.1,32,1024,12419072,3836082708,2.1614136695861816,1024,1024,1
2022-08-29T00:32:04,suffix.3-gru.512.relu-dense.128.tanh,2066304,567,20.03386878967285,0.1,0.1,16,1024,9289728,3836082708,2.221733331680298,1024,1024,1
2022-08-29T00:32:24,suffix.3-gru.512.relu-dense.128.relu,2066304,387,20.00679349899292,0.1,0.1,32,1024,12681216,3836082708,2.209951877593994,1024,1024,1
2022-08-29T00:32:45,suffix.4-gru.512.relu-dense.128.tanh,2459520,349,20.033912897109985,0.1,0.1,32,1024,11436032,3836082708,2.2079546451568604,1024,1024,1
2022-08-29T00:33:05,suffix.3-dense.1024.relu-dense.128.tanh,951680,757,20.00307822227478,0.1,0.1,32,1024,24805376,3836082708,2.5527563095092773,1024,1024,1
2022-08-29T00:33:26,suffix.3-gru.512.relu-dense.128.tanh-dense.128.tanh,2082816,355,20.000452518463135,0.1,0.1,32,1024,11632640,3836082708,2.203697681427002,1024,1024,1
2022-08-29T00:33:46,suffix.3-gru.512.relu-gru.128.tanh,2246784,288,20.020696878433228,0.1,0.1,32,1024,9437184,3836082708,2.45731258392334,1024,1024,1
2022-08-29T00:34:07,suffix.3-rec.512.relu-dense.128.tanh,754560,729,20.0221004486084,0.1,0.1,32,1024,23887872,3836082708,2.267615556716919,1024,1024,1
2022-08-29T00:34:27,suffix.3-gru.1024.relu-dense.128.tanh,5672320,217,20.024495124816895,0.1,0.1,32,1024,7110656,3836082708,2.270278215408325,1024,1024,1
2022-08-29T00:34:48,suffix.3-gru.512.relu-lstm.128,2328832,287,20.04077959060669,0.1,0.1,32,1024,9404416,3836082708,2.531770706176758,1024,1024,1
2022-08-29T00:35:09,suffix.3-gru.512.relu-dense.128.tanh,2066304,367,20.000778675079346,0.2,0.1,32,1024,12025856,3836082708,2.475893259048462,1024,1024,1
2022-08-29T00:35:29,suffix.3-gru.512.relu-dense.64.tanh,2017088,386,20.035131692886353,0.1,0.1,32,1024,12648448,3836082708,2.215510845184326,1024,1024,1
2022-08-29T00:35:50,suffix.3-gru.512.relu-dense.128.tanh,2066304,227,20.007771015167236,0.1,0.1,32,2048,14876672,3836082708,2.2691659927368164,1024,1024,1
2022-08-29T00:36:10,suffix.3-gru.512.relu-dense.128.tanh,2066304,512,20.03009581565857,0.1,0.1,32,512,8388608,3836082708,2.220867156982422,1024,1024,1
2022-08-29T00:36:30,suffix.3-gru.256.relu-dense.128.tanh,853120,507,20.016040802001953,0.1,0.1,32,1024,16613376,3836082708,2.2918689250946045,1024,1024,1
2022-08-29T00:36:51,suffix.3-rec.1024.relu-dense.128.tanh,2000256,528,20.028792142868042,0.1,0.1,32,1024,17301504,3836082708,nan,1024,1024,1
2022-08-29T00:37:11,suffix.3-gru.512.relu-lstm.64,2131968,305,20.023228883743286,0.1,0.1,32,1024,9994240,3836082708,2.870256185531616,1024,1024,1
2022-08-29T00:37:32,suffix.3-dense.512.relu-dense.128.tanh,492416,1038,20.00670099258423,0.1,0.1,32,1024,34013184,3836082708,2.59451961517334,1024,1024,1
2022-08-29T00:37:52,suffix.3-gru.512.relu-dense.128.sigmoid,2066304,363,20.050611972808838,0.1,0.1,32,1024,11894784,3836082708,2.2846240997314453,1024,1024,1
2022-08-29T00:38:13,suffix.3-lstm.512-dense.128.tanh,2722176,321,20.001888751983643,0.1,0.1,32,1024,10518528,3836082708,2.509826421737671,1024,1024,1
2022-08-29T00:38:33,suffix.3-gru.512.sigmoid-dense.128.tanh,2066304,381,20.018126726150513,0.1,0.1,32,1024,12484608,3836082708,3.1552786827087402,1024,1024,1
2022-08-29T00:38:54,suffix.3-gru.512.relu-gru.64.tanh,2095040,296,20.053004264831543,0.1,0.1,32,1024,9699328,3836082708,2.412091016769409,1024,1024,1
2022-08-29T00:39:15,suffix.3-gru.512.relu,2098944,406,20.015945434570312,0.1,0.1,32,1024,13303808,3836082708,2.2363054752349854,1024,1024,1
2022-08-29T00:39:35,suffix.3-gru.512.relu-dense.128.tanh,2066304,344,20.016693115234375,0.1,0.1,16,2048,11272192,3836082708,2.215407133102417,1024,1024,1
2022-08-29T00:39:56,suffix.3-gru.512.relu-rec.128.tanh,2082688,348,20.002695083618164,0.1,0.1,32,1024,11403264,3836082708,2.3253931999206543,1024,1024,1
2022-08-29T00:40:16,suffix.3-gru.512.relu-dense.128.tanh,2066304,390,20.04473376274109,0.05,0.1,32,1024,12779520,3836082708,2.4776244163513184,1024,1024,1
2022-08-29T00:40:37,suffix.3-gru.512.relu-dense.128.tanh,2066304,349,20.00615906715393,0.05,0.1,64,512,11436032,3836082708,2.52336049079895,1024,1024,1
2022-08-29T00:40:57,suffix.3-gru.512.tanh-dense.128.tanh,2066304,337,20.018975734710693,0.1,0.1,64,512,11042816,3836082708,2.1719486713409424,1024,1024,1
2022-08-29T00:41:18,suffix.3-gru.1024.relu-dense.128.tanh,5672320,211,20.001426458358765,0.1,0.1,64,512,6914048,3836082708,nan,1024,1024,1
2022-08-29T00:41:38,suffix.3-rec.512.relu-dense.128.tanh,754560,727,20.00709629058838,0.1,0.1,64,512,23822336,3836082708,nan,1024,1024,1
2022-08-29T00:41:59,suffix.3-gru.512.relu-dense.64.tanh,2017088,360,20.009779453277588,0.1,0.1,64,512,11796480,3836082708,2.2103471755981445,1024,1024,1
2022-08-29T00:42:19,suffix.3-gru.512.sigmoid-dense.128.tanh,2066304,359,20.031638383865356,0.1,0.1,64,512,11763712,3836082708,4.820590496063232,1024,1024,1
2022-08-29T00:42:40,suffix.3-gru.512.relu-dense.128.tanh,2066304,282,20.063623428344727,0.1,0.1,128,256,9240576,3836082708,2.206409215927124,1024,1024,1
2022-08-29T00:43:00,suffix.3-gru.512.relu-dense.128.sigmoid,2066304,365,20.000274658203125,0.1,0.1,64,512,11960320,3836082708,nan,1024,1024,1
2022-08-29T00:43:21,suffix.3-gru.512.relu-dense.128.tanh,2066304,345,20.04221534729004,0.2,0.1,64,512,11304960,3836082708,nan,1024,1024,1
2022-08-29T00:43:41,suffix.3-gru.512.relu-rec.128.tanh,2082688,319,20.053600549697876,0.1,0.1,64,512,10452992,3836082708,2.261183738708496,1024,1024,1
2022-08-29T00:44:02,suffix.3-gru.512.relu-lstm.64,2131968,257,20.069657802581787,0.1,0.1,64,512,8421376,3836082708,2.4629857540130615,1024,1024,1
2022-08-29T00:44:23,suffix.3-gru.512.relu-dense.128.tanh,2066304,441,20.03786826133728,0.1,0.1,64,256,7225344,3836082708,2.2041969299316406,1024,1024,1
2022-08-29T00:44:43,suffix.4-gru.512.relu-dense.128.tanh,2459520,318,20.045945405960083,0.1,0.1,64,512,10420224,3836082708,2.2074368000030518,1024,1024,1
2022-08-29T00:45:03,suffix.3-dense.512.relu-dense.128.tanh,492416,943,20.00223994255066,0.1,0.1,64,512,30900224,3836082708,2.5906012058258057,1024,1024,1
2022-08-29T00:45:24,suffix.3-gru.512.relu-dense.128.relu,2066304,365,20.041889667510986,0.1,0.1,64,512,11960320,3836082708,2.1969971656799316,1024,1024,1
2022-08-29T00:45:44,suffix.3-gru.512.relu-dense.128.tanh-dense.128.tanh,2082816,310,20.007563829421997,0.1,0.1,64,512,10158080,3836082708,2.324366331100464,1024,1024,1
2022-08-29T00:46:05,suffix.3-rec.1024.relu-dense.128.tanh,2000256,469,20.02806568145752,0.1,0.1,64,512,15368192,3836082708,nan,1024,1024,1
2022-08-29T00:46:25,suffix.3-gru.512.tanh-dense.128.tanh,2066304,451,20.030263662338257,0.1,0.1,64,256,7389184,3836082708,2.2053279876708984,1024,1024,1
2022-08-29T00:46:46,suffix.4-gru.512.tanh-dense.128.tanh,2459520,312,20.01175332069397,0.1,0.1,64,512,10223616,3836082708,3.157743453979492,1024,1024,1
2022-08-29T00:47:06,suffix.3-dense.1024.tanh-dense.128.tanh,951680,692,20.00642704963684,0.1,0.1,64,512,22675456,3836082708,2.693281412124634,1024,1024,1
2022-08-29T00:47:27,suffix.3-gru.512.tanh-gru.128.tanh,2246784,273,20.004427194595337,0.1,0.1,64,512,8945664,3836082708,2.900088310241699,1024,1024,1
2022-08-29T00:47:47,suffix.3-gru.256.tanh-dense.128.tanh,853120,459,20.00858473777771,0.1,0.1,64,512,15040512,3836082708,2.2191126346588135,1024,1024,1
2022-08-29T00:48:08,suffix.3-gru.512.tanh-rec.128.tanh,2082688,339,20.030581951141357,0.1,0.1,64,512,11108352,3836082708,2.4402036666870117,1024,1024,1
2022-08-29T00:48:28,suffix.3-gru.512.tanh-gru.64.tanh,2095040,262,20.06385374069214,0.1,0.1,64,512,8585216,3836082708,2.5987019538879395,1024,1024,1
2022-08-29T00:48:49,suffix.3-gru.512.tanh-dense.128.relu,2066304,333,20.028258085250854,0.1,0.1,64,512,10911744,3836082708,3.4091827869415283,1024,1024,1
2022-08-29T00:49:09,suffix.3-gru.512.tanh-dense.128.sigmoid,2066304,353,20.04938817024231,0.1,0.1,64,512,11567104,3836082708,2.71053409576416,1024,1024,1
2022-08-29T00:49:30,suffix.3-gru.512.tanh-dense.128.tanh,2066304,355,20.04529857635498,0.2,0.1,64,512,11632640,3836082708,4.672286510467529,1024,1024,1
2022-08-29T00:49:51,suffix.3-gru.1024.tanh-dense.128.tanh,5672320,192,20.098363637924194,0.1,0.1,64,512,6291456,3836082708,4.7639265060424805,1024,1024,1
2022-08-29T00:50:11,suffix.3-gru.512.tanh-dense.128.tanh,2066304,209,20.023406505584717,0.1,0.1,128,512,13697024,3836082708,2.6409831047058105,1024,1024,1
2022-08-29T00:50:32,suffix.3-gru.512.tanh-dense.128.tanh,2066304,337,20.022766590118408,0.05,0.1,64,512,11042816,3836082708,2.388465404510498,1024,1024,1
2022-08-29T00:50:53,suffix.3-gru.512.tanh-dense.128.tanh,2066304,283,20.02922558784485,0.1,0.1,128,256,9273344,3836082708,2.3541927337646484,1024,1024,1
2022-08-29T00:51:13,suffix.3-rec.512.tanh-dense.128.tanh,754560,718,20.026060819625854,0.1,0.1,64,512,23527424,3836082708,4.828131675720215,1024,1024,1
2022-08-29T00:51:33,suffix.3-gru.512.tanh-dense.128.tanh,2066304,220,20.057891368865967,0.1,0.1,64,1024,14417920,3836082708,2.7602806091308594,1024,1024,1
2022-08-29T00:51:54,suffix.3-gru.512.tanh-dense.64.tanh,2017088,336,20.03192377090454,0.1,0.1,64,512,11010048,3836082708,2.2920641899108887,1024,1024,1
2022-08-29T00:52:14,suffix.3-rec.1024.tanh-dense.128.tanh,2000256,456,20.04305410385132,0.1,0.1,64,512,14942208,3836082708,4.816949844360352,1024,1024,1
2022-08-29T00:52:35,suffix.3-gru.512.tanh-dense.128.tanh-dense.128.tanh,2082816,316,20.01402974128723,0.1,0.1,64,512,10354688,3836082708,4.443315029144287,1024,1024,1
2022-08-29T00:52:55,suffix.3-gru.512.tanh,2098944,361,20.031490087509155,0.1,0.1,64,512,11829248,3836082708,2.2587807178497314,1024,1024,1
2022-08-29T00:53:16,suffix.3-gru.512.tanh-lstm.64,2131968,249,20.002717971801758,0.1,0.1,64,512,8159232,3836082708,3.522454023361206,1024,1024,1
2022-08-29T00:53:37,suffix.3-gru.512.tanh-dense.128.tanh,2066304,543,20.015039205551147,0.1,0.1,32,512,8896512,3836082708,2.2108657360076904,1024,1024,1
2022-08-29T00:53:57,suffix.3-dense.512.tanh-dense.128.tanh,492416,891,20.017962217330933,0.1,0.1,64,512,29196288,3836082708,2.6734981536865234,1024,1024,1
2022-08-29T00:54:17,suffix.3-gru.512.tanh-lstm.128,2328832,260,20.026562690734863,0.1,0.1,64,512,8519680,3836082708,4.568878173828125,1024,1024,1
2022-08-29T00:54:38,gru.512.relu-dense.256.tanh,1378304,304,20.036412239074707,0.1,0.1,128,256,9961472,3836082708,2.238907814025879,1024,1024,1
2022-08-29T00:54:58,gru.512.sigmoid-dense.256.tanh,1378304,368,20.04469633102417,0.1,0.1,64,512,12058624,3836082708,4.43958854675293,1024,1024,1
2022-08-29T00:55:19,gru.512.relu-dense.256.relu,1378304,378,20.039132356643677,0.1,0.1,64,512,12386304,3836082708,2.2298967838287354,1024,1024,1
2022-08-29T00:55:39,gru.512.relu-dense.256.tanh,1378304,365,20.0206515789032,0.05,0.1,64,512,11960320,3836082708,2.4907784461975098,1024,1024,1
2022-08-29T00:56:00,gru.512.relu-dense.256.tanh,1378304,491,20.005115032196045,0.1,0.1,64,256,8044544,3836082708,2.241368293762207,1024,1024,1
2022-08-29T00:56:20,gru.256.relu-dense.256.tanh,525568,524,20.000462532043457,0.1,0.1,64,512,17170432,3836082708,2.2658324241638184,1024,1024,1
2022-08-29T00:56:40,gru.512.relu-dense.128.tanh,1279872,378,20.017844676971436,0.1,0.1,64,512,12386304,3836082708,2.189865827560425,1024,1024,1
2022-08-29T00:57:01,gru.512.relu-dense.512.tanh,1575168,354,20.02565574645996,0.1,0.1,64,512,11599872,3836082708,2.2247776985168457,1024,1024,1
2022-08-29T00:57:21,gru.512.relu-dense.256.tanh-dense.128.tanh,1378432,349,20.032256603240967,0.1,0.1,64,512,11436032,3836082708,2.338170051574707,1024,1024,1
2022-08-29T00:57:42,dense.1024.relu-dense.256.tanh,591360,801,20.00926113128662,0.1,0.1,64,512,26247168,3836082708,3.6655638217926025,1024,1024,1
2022-08-29T00:58:02,rec.1024.relu-dense.256.tanh,1639936,527,20.015279293060303,0.1,0.1,64,512,17268736,3836082708,nan,1024,1024,1
2022-08-29T00:58:22,gru.512.relu-dense.256.tanh,1378304,559,20.030386924743652,0.1,0.1,32,512,9158656,3836082708,2.207327365875244,1024,1024,1
2022-08-29T00:58:43,gru.512.relu-gru.128.tanh,1460352,299,20.044838905334473,0.1,0.1,64,512,9797632,3836082708,nan,1024,1024,1
2022-08-29T00:59:03,gru.512.relu-dense.256.tanh,1378304,387,20.008076667785645,0.2,0.1,64,512,12681216,3836082708,nan,1024,1024,1
2022-08-29T00:59:23,dense.512.relu-dense.256.tanh,328704,989,20.00523328781128,0.1,0.1,64,512,32407552,3836082708,3.665506362915039,1024,1024,1
2022-08-29T00:59:44,gru.512.relu-gru.256.tanh,1837568,253,20.010441541671753,0.1,0.1,64,512,8290304,3836082708,2.3839781284332275,1024,1024,1
2022-08-29T01:00:04,gru.512.relu,1312512,409,20.017727851867676,0.1,0.1,64,512,13402112,3836082708,2.2629432678222656,1024,1024,1
2022-08-29T01:00:25,gru.512.relu-dense.256.tanh,1378304,219,20.00320339202881,0.1,0.1,128,512,14352384,3836082708,2.304478883743286,1024,1024,1
2022-08-29T01:00:45,gru.512.relu-dense.256.tanh,1378304,242,20.076971530914307,0.1,0.1,64,1024,15859712,3836082708,2.2700300216674805,1024,1024,1
2022-08-29T01:01:06,gru.512.relu-lstm.128,1542400,266,20.054526329040527,0.1,0.1,64,512,8716288,3836082708,2.3450562953948975,1024,1024,1
2022-08-29T01:01:26,rec.512.relu-dense.256.tanh,590848,744,20.0177161693573,0.1,0.1,64,512,24379392,3836082708,nan,1024,1024,1
2022-08-29T01:01:47,gru.1024.relu-dense.256.tanh,4263424,237,20.000659942626953,0.1,0.1,64,512,7766016,3836082708,nan,1024,1024,1
2022-08-29T01:02:07,gru.512.relu-lstm.256,2034432,248,20.00472903251648,0.1,0.1,64,512,8126464,3836082708,nan,1024,1024,1
2022-08-29T01:02:28,gru.512.relu-rec.256.tanh,1443840,348,20.053077697753906,0.1,0.1,64,512,11403264,3836082708,nan,1024,1024,1
2022-08-29T01:02:48,gru.512.relu-dense.256.sigmoid,1378304,377,20.006471872329712,0.1,0.1,64,512,12353536,3836082708,2.230482339859009,1024,1024,1
2022-08-29T01:03:09,suffix.2-gru.256.tanh-dense.256.tanh,722176,682,20.006691217422485,0.1,0.1,32,512,11173888,3836082708,2.2590396404266357,1024,1024,1
2022-08-29T01:03:29,suffix.2-gru.512.tanh-lstm.128,1935616,385,20.025938272476196,0.1,0.1,32,512,6307840,3836082708,4.566370964050293,1024,1024,1
2022-08-29T01:03:50,suffix.2-gru.512.tanh-rec.256.tanh,1837056,521,20.017890691757202,0.1,0.1,32,512,8536064,3836082708,2.3473174571990967,1024,1024,1
2022-08-29T01:04:10,suffix.2-gru.512.tanh-dense.256.tanh-dense.128.tanh,1771648,495,20.007062196731567,0.1,0.1,32,512,8110080,3836082708,2.412299871444702,1024,1024,1
2022-08-29T01:04:31,suffix.2-gru.512.tanh-gru.256.tanh,2230784,385,20.02748417854309,0.1,0.1,32,512,6307840,3836082708,3.359199047088623,1024,1024,1
2022-08-29T01:04:51,suffix.2-rec.512.tanh-dense.256.tanh,721920,1012,20.008220911026,0.1,0.1,32,512,16580608,3836082708,4.615813255310059,1024,1024,1
2022-08-29T01:05:11,suffix.2-gru.512.tanh-dense.256.sigmoid,1771520,520,20.033453464508057,0.1,0.1,32,512,8519680,3836082708,2.512549638748169,1024,1024,1
2022-08-29T01:05:32,suffix.2-rec.1024.tanh-dense.256.tanh,1902080,720,20.017864227294922,0.1,0.1,32,512,11796480,3836082708,4.692101001739502,1024,1024,1
2022-08-29T01:05:52,suffix.2-dense.1024.tanh-dense.256.tanh,853504,1113,20.042038917541504,0.1,0.1,32,512,18235392,3836082708,3.0362770557403564,1024,1024,1
2022-08-29T01:06:13,suffix.2-gru.512.tanh-lstm.256,2427648,351,20.025776386260986,0.1,0.1,32,512,5750784,3836082708,4.249749183654785,1024,1024,1
2022-08-29T01:06:33,suffix.2-gru.512.tanh-dense.256.tanh,1771520,516,20.027177572250366,0.05,0.1,32,512,8454144,3836082708,2.335216999053955,1024,1024,1
2022-08-29T01:06:54,suffix.2-gru.512.sigmoid-dense.256.tanh,1771520,536,20.002038955688477,0.1,0.1,32,512,8781824,3836082708,4.881296634674072,1024,1024,1
2022-08-29T01:07:14,suffix.3-gru.512.tanh-dense.256.tanh,2164736,530,20.03712296485901,0.1,0.1,32,512,8683520,3836082708,2.2087085247039795,1024,1024,1
2022-08-29T01:07:35,suffix.2-dense.512.tanh-dense.256.tanh,459776,1169,20.04891800880432,0.1,0.1,32,512,19152896,3836082708,3.037044048309326,1024,1024,1
2022-08-29T01:07:55,suffix.2-gru.1024.tanh-dense.256.tanh,5049856,349,20.05476951599121,0.1,0.1,32,512,5718016,3836082708,4.579945087432861,1024,1024,1
2022-08-29T01:08:16,suffix.2-gru.512.tanh,1705728,580,20.035043954849243,0.1,0.1,32,512,9502720,3836082708,2.258042097091675,1024,1024,1
2022-08-29T01:08:36,suffix.2-gru.512.tanh-dense.256.relu,1771520,545,20.02828550338745,0.1,0.1,32,512,8929280,3836082708,2.2166717052459717,1024,1024,1
2022-08-29T01:08:57,suffix.2-gru.512.tanh-dense.256.tanh,1771520,755,20.01628565788269,0.1,0.1,16,512,6184960,3836082708,2.3010075092315674,1024,1024,1
2022-08-29T01:09:17,suffix.2-gru.512.tanh-gru.128.tanh,1853568,405,20.04078459739685,0.1,0.1,32,512,6635520,3836082708,2.360318183898926,1024,1024,1
2022-08-29T01:09:38,suffix.2-gru.512.tanh-dense.256.tanh,1771520,534,20.03718876838684,0.2,0.1,32,512,8749056,3836082708,5.2160186767578125,1024,1024,1
2022-08-29T01:09:58,suffix.2-gru.512.tanh-dense.256.tanh,1771520,658,20.02074408531189,0.1,0.1,32,256,5390336,3836082708,2.2720894813537598,1024,1024,1
2022-08-29T01:10:19,suffix.2-gru.512.tanh-dense.512.tanh,1968384,515,20.016327619552612,0.1,0.1,32,512,8437760,3836082708,2.225442886352539,1024,1024,1
2022-08-29T01:10:39,suffix.2-lstm.512-dense.256.tanh,2296320,452,20.024789333343506,0.1,0.1,32,512,7405568,3836082708,2.340118646621704,1024,1024,1
2022-08-29T01:11:00,suffix.3-dense.512.relu-dense.256.tanh,590848,1199,20.038038969039917,0.1,0.1,32,512,19644416,3836082708,2.599836826324463,1024,1024,1
2022-08-29T01:11:20,suffix.3-gru.512.sigmoid-dense.256.tanh,2164736,522,20.032145023345947,0.1,0.1,32,512,8552448,3836082708,2.884761095046997,1024,1024,1
2022-08-29T01:11:41,suffix.3-gru.512.relu-gru.256.tanh,2624000,366,20.004117488861084,0.1,0.1,32,512,5996544,3836082708,2.3526906967163086,1024,1024,1
2022-08-29T01:12:01,suffix.3-gru.512.relu-dense.256.tanh-dense.128.tanh,2164864,465,20.01958155632019,0.1,0.1,32,512,7618560,3836082708,2.3663992881774902,1024,1024,1
2022-08-29T01:12:22,suffix.3-gru.512.relu-dense.512.tanh,2361600,506,20.020947694778442,0.1,0.1,32,512,8290304,3836082708,2.205847978591919,1024,1024,1
2022-08-29T01:12:42,suffix.3-gru.512.relu,2098944,589,20.017290592193604,0.1,0.1,32,512,9650176,3836082708,2.2411415576934814,1024,1024,1
2022-08-29T01:13:03,suffix.3-gru.512.relu-dense.256.tanh,2164736,534,20.000349760055542,0.2,0.1,32,512,8749056,3836082708,nan,1024,1024,1
2022-08-29T01:13:23,suffix.3-gru.512.relu-rec.256.tanh,2230272,481,20.00268292427063,0.1,0.1,32,512,7880704,3836082708,2.340759038925171,1024,1024,1
2022-08-29T01:13:44,suffix.3-gru.512.relu-dense.256.relu,2164736,502,20.020089864730835,0.1,0.1,32,512,8224768,3836082708,2.197272777557373,1024,1024,1
2022-08-29T01:14:04,suffix.3-gru.256.relu-dense.256.tanh,918784,647,20.01278257369995,0.1,0.1,32,512,10600448,3836082708,2.275181770324707,1024,1024,1
2022-08-29T01:14:25,suffix.3-dense.1024.relu-dense.256.tanh,1115648,1079,20.00925326347351,0.1,0.1,32,512,17678336,3836082708,2.602884531021118,1024,1024,1
2022-08-29T01:14:45,suffix.3-lstm.512-dense.256.tanh,2820608,438,20.017900705337524,0.1,0.1,32,512,7176192,3836082708,2.3416221141815186,1024,1024,1
2022-08-29T01:15:05,suffix.3-rec.512.relu-dense.256.tanh,852992,1084,20.004266262054443,0.1,0.1,32,512,17760256,3836082708,2.3227152824401855,1024,1024,1
2022-08-29T01:15:26,suffix.4-gru.512.relu-dense.256.tanh,2557952,487,20.018846035003662,0.1,0.1,32,512,7979008,3836082708,2.1936521530151367,1024,1024,1
2022-08-29T01:15:46,suffix.3-rec.1024.relu-dense.256.tanh,2164224,710,20.005202770233154,0.1,0.1,32,512,11632640,3836082708,2.3086485862731934,1024,1024,1
2022-08-29T01:16:07,suffix.3-gru.512.relu-dense.256.tanh,2164736,652,20.00560760498047,0.1,0.1,32,256,5341184,3836082708,2.277087688446045,1024,1024,1
2022-08-29T01:16:27,suffix.3-gru.512.relu-dense.256.tanh,2164736,531,20.000911235809326,0.05,0.1,32,512,8699904,3836082708,2.3518879413604736,1024,1024,1
2022-08-29T01:16:48,suffix.3-gru.512.relu-dense.256.tanh,2164736,726,20.001729488372803,0.1,0.1,16,512,5947392,3836082708,2.311228036880493,1024,1024,1
2022-08-29T01:17:08,suffix.3-gru.512.relu-dense.256.sigmoid,2164736,506,20.01846957206726,0.1,0.1,32,512,8290304,3836082708,2.238696813583374,1024,1024,1
2022-08-29T01:17:29,suffix.3-gru.512.relu-lstm.128,2328832,365,20.001734733581543,0.1,0.1,32,512,5980160,3836082708,2.3542473316192627,1024,1024,1
2022-08-29T01:17:50,suffix.3-gru.512.relu-dense.256.tanh,2164736,532,20.009586811065674,0.1,0.1,16,1024,8716288,3836082708,2.2476487159729004,1024,1024,1
2022-08-29T01:18:10,suffix.3-gru.1024.relu-dense.256.tanh,5836288,321,20.039616107940674,0.1,0.1,32,512,5259264,3836082708,2.2073862552642822,1024,1024,1
2022-08-29T01:18:31,suffix.3-gru.512.relu-lstm.256,2820864,350,20.017207860946655,0.1,0.1,32,512,5734400,3836082708,2.2833874225616455,1024,1024,1
2022-08-29T01:18:52,suffix.3-gru.512.relu-gru.128.tanh,2246784,392,20.03471088409424,0.1,0.1,32,512,6422528,3836082708,2.397904396057129,1024,1024,1
2022-08-29T01:19:14,suffix.2-gru.1024.relu-dense.256.tanh,5049856,348,20.030600786209106,0.1,0.1,32,512,5701632,3836082708,2.2037556171417236,1024,1024,1
2022-08-29T01:19:35,suffix.2-gru.512.relu-dense.256.tanh,1771520,544,20.023845434188843,0.2,0.1,32,512,8912896,3836082708,2.4712607860565186,1024,1024,1
2022-08-29T01:19:55,suffix.2-gru.512.relu-dense.256.tanh,1771520,547,20.017077684402466,0.05,0.1,32,512,8962048,3836082708,2.354794502258301,1024,1024,1
2022-08-29T01:20:16,suffix.2-gru.512.relu-dense.128.tanh,1673088,554,20.005883932113647,0.1,0.1,32,512,9076736,3836082708,2.2055022716522217,1024,1024,1
2022-08-29T01:20:36,suffix.2-dense.1024.relu-dense.256.tanh,853504,1176,20.012970209121704,0.1,0.1,32,512,19267584,3836082708,3.0013108253479004,1024,1024,1
2022-08-29T01:20:57,suffix.2-gru.512.relu-dense.256.tanh-dense.128.tanh,1771648,507,20.01090168952942,0.1,0.1,32,512,8306688,3836082708,2.2947099208831787,1024,1024,1
2022-08-29T01:21:17,suffix.2-gru.512.relu-gru.256.tanh,2230784,381,20.00161576271057,0.1,0.1,32,512,6242304,3836082708,2.3345577716827393,1024,1024,1
2022-08-29T01:21:38,suffix.2-gru.512.relu-dense.256.tanh,1771520,543,20.02191710472107,0.1,0.1,16,1024,8896512,3836082708,2.250195264816284,1024,1024,1
2022-08-29T01:21:58,suffix.2-rec.512.relu-dense.256.tanh,721920,1109,20.005110502243042,0.1,0.1,32,512,18169856,3836082708,2.3260014057159424,1024,1024,1
2022-08-29T01:22:18,suffix.2-gru.512.relu-dense.256.relu,1771520,547,20.014973163604736,0.1,0.1,32,512,8962048,3836082708,2.1913986206054688,1024,1024,1
2022-08-29T01:22:39,suffix.2-rec.1024.relu-dense.256.tanh,1902080,737,20.02194833755493,0.1,0.1,32,512,12075008,3836082708,nan,1024,1024,1
2022-08-29T01:22:59,suffix.2-gru.256.relu-dense.256.tanh,722176,668,20.012568473815918,0.1,0.1,32,512,10944512,3836082708,2.2628397941589355,1024,1024,1
2022-08-29T01:23:20,suffix.2-gru.512.relu-dense.256.sigmoid,1771520,537,20.019510984420776,0.1,0.1,32,512,8798208,3836082708,2.2239391803741455,1024,1024,1
2022-08-29T01:23:40,suffix.2-dense.512.relu-dense.256.tanh,459776,1233,20.00316858291626,0.1,0.1,32,512,20201472,3836082708,2.9972846508026123,1024,1024,1
2022-08-29T01:24:00,suffix.2-gru.512.relu-dense.512.tanh,1968384,527,20.034879446029663,0.1,0.1,32,512,8634368,3836082708,2.2141876220703125,1024,1024,1
2022-08-29T01:24:21,suffix.2-gru.512.relu-lstm.128,1935616,392,20.037558794021606,0.1,0.1,32,512,6422528,3836082708,2.2742748260498047,1024,1024,1
2022-08-29T01:24:42,suffix.2-gru.512.relu-rec.256.tanh,1837056,494,20.01352858543396,0.1,0.1,32,512,8093696,3836082708,2.3679354190826416,1024,1024,1
2022-08-29T01:25:02,suffix.2-gru.512.relu,1705728,609,20.01632285118103,0.1,0.1,32,512,9977856,3836082708,2.2292251586914062,1024,1024,1
2022-08-29T01:25:23,suffix.2-gru.512.relu-lstm.256,2427648,345,20.035864114761353,0.1,0.1,32,512,5652480,3836082708,2.3104236125946045,1024,1024,1
2022-08-29T01:25:43,suffix.2-gru.512.relu-gru.128.tanh,1853568,414,20.049050331115723,0.1,0.1,32,512,6782976,3836082708,2.3232932090759277,1024,1024,1
2022-08-29T01:26:04,suffix.2-gru.512.relu-dense.256.tanh,1771520,735,20.006009340286255,0.1,0.1,16,512,6021120,3836082708,2.2982935905456543,1024,1024,1
2022-08-29T01:26:24,suffix.2-gru.512.relu-dense.256.tanh,1771520,657,20.023619413375854,0.1,0.1,32,256,5382144,3836082708,2.2591452598571777,1024,1024,1
2022-08-29T01:26:44,suffix.2-dense.1024.tanh-dense.256.tanh,853504,758,20.005449771881104,0.1,0.1,32,1024,24838144,3836082708,3.0204250812530518,1024,1024,1
2022-08-29T01:27:05,suffix.3-gru.512.tanh-dense.256.tanh,2164736,371,20.051969051361084,0.1,0.1,32,1024,12156928,3836082708,2.1973748207092285,1024,1024,1
2022-08-29T01:27:25,suffix.2-dense.512.tanh-dense.256.tanh,459776,995,20.01006245613098,0.1,0.1,32,1024,32604160,3836082708,2.9848716259002686,1024,1024,1
2022-08-29T01:27:46,suffix.2-gru.512.tanh-gru.256.tanh,2230784,278,20.076447248458862,0.1,0.1,32,1024,9109504,3836082708,3.736083745956421,1024,1024,1
2022-08-29T01:28:06,suffix.2-gru.512.tanh-rec.256.tanh,1837056,349,20.0496027469635,0.1,0.1,32,1024,11436032,3836082708,2.598031520843506,1024,1024,1
2022-08-29T01:28:27,suffix.2-gru.512.tanh-dense.256.tanh-dense.128.tanh,1771648,361,20.0384624004364,0.1,0.1,32,1024,11829248,3836082708,2.505425453186035,1024,1024,1
2022-08-29T01:28:47,gru.512.relu-dense.128.tanh,1279872,243,20.01999521255493,0.1,0.1,64,1024,15925248,3836082708,2.255580186843872,1024,1024,1
2022-08-29T01:29:08,gru.512.relu-dense.128.tanh,1279872,556,20.016140699386597,0.1,0.1,32,512,9109504,3836082708,2.2308216094970703,1024,1024,1
2022-08-29T01:29:28,gru.512.relu-dense.128.tanh,1279872,414,20.002028226852417,0.1,0.1,32,1024,13565952,3836082708,2.1711864471435547,1024,1024,1
2022-08-29T01:29:48,dense.512.relu-dense.128.tanh,230272,1173,20.01550316810608,0.1,0.1,32,1024,38436864,3836082708,3.6512765884399414,1024,1024,1
2022-08-29T01:30:09,gru.512.relu-dense.128.tanh-dense.128.tanh,1296384,395,20.00666046142578,0.1,0.1,32,1024,12943360,3836082708,2.2469184398651123,1024,1024,1
2022-08-29T01:30:29,rec.512.relu-dense.128.tanh,492416,797,20.006075620651245,0.1,0.1,32,1024,26116096,3836082708,2.4538285732269287,1024,1024,1
2022-08-29T01:30:50,gru.512.relu-lstm.64,1345536,326,20.037097930908203,0.1,0.1,32,1024,10682368,3836082708,2.788022994995117,1024,1024,1
2022-08-29T01:31:10,gru.512.relu-gru.128.tanh,1460352,328,20.022647619247437,0.1,0.1,32,1024,10747904,3836082708,2.3068251609802246,1024,1024,1
2022-08-29T01:31:30,dense.1024.relu-dense.128.tanh,427392,953,20.00907802581787,0.1,0.1,32,1024,31227904,3836082708,3.681420087814331,1024,1024,1
2022-08-29T01:31:51,lstm.512-dense.128.tanh,1673600,354,20.048640727996826,0.1,0.1,32,1024,11599872,3836082708,4.73533821105957,1024,1024,1
2022-08-29T01:32:11,gru.512.relu,1312512,461,20.028327703475952,0.1,0.1,32,1024,15106048,3836082708,2.2112040519714355,1024,1024,1
2022-08-29T01:32:32,gru.512.relu-rec.128.tanh,1296256,386,20.022980213165283,0.1,0.1,32,1024,12648448,3836082708,2.300039291381836,1024,1024,1
2022-08-29T01:32:52,gru.512.relu-dense.128.tanh,1279872,615,20.027649641036987,0.1,0.1,16,1024,10076160,3836082708,2.2182841300964355,1024,1024,1
2022-08-29T01:33:13,gru.512.relu-lstm.128,1542400,311,20.045966863632202,0.1,0.1,32,1024,10190848,3836082708,2.2489535808563232,1024,1024,1
2022-08-29T01:33:33,gru.512.relu-dense.128.tanh,1279872,415,20.01277732849121,0.05,0.1,32,1024,13598720,3836082708,2.512617826461792,1024,1024,1
2022-08-29T01:33:53,gru.512.sigmoid-dense.128.tanh,1279872,411,20.01159691810608,0.1,0.1,32,1024,13467648,3836082708,4.7370924949646,1024,1024,1
2022-08-29T01:34:14,gru.512.relu-dense.128.tanh,1279872,431,20.03395128250122,0.1,0.1,16,2048,14123008,3836082708,2.2162234783172607,1024,1024,1
2022-08-29T01:34:34,gru.512.relu-dense.128.relu,1279872,423,20.002144813537598,0.1,0.1,32,1024,13860864,3836082708,2.2102081775665283,1024,1024,1
2022-08-29T01:34:55,gru.512.relu-dense.128.sigmoid,1279872,431,20.039549827575684,0.1,0.1,32,1024,14123008,3836082708,2.251486301422119,1024,1024,1
2022-08-29T01:35:15,gru.512.relu-gru.64.tanh,1308608,343,20.033641576766968,0.1,0.1,32,1024,11239424,3836082708,2.347214460372925,1024,1024,1
2022-08-29T01:35:36,gru.512.relu-dense.64.tanh,1230656,401,20.011069297790527,0.1,0.1,32,1024,13139968,3836082708,2.231903314590454,1024,1024,1
2022-08-29T01:35:56,gru.512.relu-dense.128.tanh,1279872,396,20.001667499542236,0.2,0.1,32,1024,12976128,3836082708,nan,1024,1024,1
2022-08-29T01:36:17,gru.1024.relu-dense.128.tanh,4099456,260,20.048702001571655,0.1,0.1,32,1024,8519680,3836082708,2.217223644256592,1024,1024,1
2022-08-29T01:36:37,gru.256.relu-dense.128.tanh,459904,564,20.02575922012329,0.1,0.1,32,1024,18481152,3836082708,2.25463604927063,1024,1024,1
2022-08-29T01:36:57,rec.1024.relu-dense.128.tanh,1475968,598,20.030007362365723,0.1,0.1,32,1024,19595264,3836082708,nan,1024,1024,1
2022-08-29T01:37:18,gru.512.relu-dense.128.tanh,1279872,236,20.039572954177856,0.1,0.1,32,2048,15466496,3836082708,2.278606653213501,1024,1024,1
2022-08-29T01:37:38,gru.512.sigmoid-dense.128.tanh,1279872,339,20.04938054084778,0.1,0.1,64,512,11108352,3836082708,4.805737495422363,1024,1024,1
2022-08-29T01:37:59,gru.512.relu-dense.128.tanh-dense.128.tanh,1296384,359,20.03496742248535,0.1,0.1,64,512,11763712,3836082708,nan,1024,1024,1
2022-08-29T01:38:19,gru.512.relu-dense.128.tanh,1279872,241,20.03384804725647,0.1,0.1,128,512,15794176,3836082708,nan,1024,1024,1
2022-08-29T01:38:40,gru.512.relu-lstm.64,1345536,285,20.05539345741272,0.1,0.1,64,512,9338880,3836082708,2.318805694580078,1024,1024,1
2022-08-29T01:39:00,gru.512.relu-rec.128.tanh,1296256,360,20.037667751312256,0.1,0.1,64,512,11796480,3836082708,2.2790281772613525,1024,1024,1
2022-08-29T01:39:21,gru.512.relu-gru.64.tanh,1308608,305,20.063924312591553,0.1,0.1,64,512,9994240,3836082708,nan,1024,1024,1
2022-08-29T01:39:41,gru.512.relu-dense.128.tanh,1279872,505,20.041309118270874,0.1,0.1,64,256,8273920,3836082708,2.217359781265259,1024,1024,1
2022-08-29T01:40:02,gru.512.relu-dense.128.tanh,1279872,313,20.011828899383545,0.1,0.1,128,256,10256384,3836082708,nan,1024,1024,1
2022-08-29T01:40:22,dense.512.relu-dense.128.tanh,230272,1059,20.0089168548584,0.1,0.1,64,512,34701312,3836082708,3.6512362957000732,1024,1024,1
2022-08-29T01:40:42,lstm.512-dense.128.tanh,1673600,334,20.05860710144043,0.1,0.1,64,512,10944512,3836082708,4.930903911590576,1024,1024,1
2022-08-29T01:41:03,gru.512.relu-dense.128.tanh,1279872,398,20.040838479995728,0.2,0.1,64,512,13041664,3836082708,nan,1024,1024,1
2022-08-29T01:41:23,gru.1024.relu-dense.128.tanh,4099456,222,20.07018733024597,0.1,0.1,64,512,7274496,3836082708,nan,1024,1024,1
2022-08-29T01:41:44,gru.512.relu-dense.128.tanh,1279872,394,20.04317331314087,0.05,0.1,64,512,12910592,3836082708,2.506944417953491,1024,1024,1
2022-08-29T01:42:04,gru.256.relu-dense.128.tanh,459904,504,20.00312376022339,0.1,0.1,64,512,16515072,3836082708,nan,1024,1024,1
2022-08-29T01:42:24,dense.1024.relu-dense.128.tanh,427392,876,20.016472339630127,0.1,0.1,64,512,28704768,3836082708,3.6625239849090576,1024,1024,1
2022-08-29T01:42:45,gru.512.tanh-dense.128.tanh,1279872,388,20.041770458221436,0.1,0.1,64,512,12713984,3836082708,2.221287488937378,1024,1024,1
2022-08-29T01:43:05,gru.512.relu-dense.64.tanh,1230656,404,20.012146949768066,0.1,0.1,64,512,13238272,3836082708,2.2272732257843018,1024,1024,1
2022-08-29T01:43:26,gru.512.relu-dense.128.relu,1279872,405,20.0203754901886,0.1,0.1,64,512,13271040,3836082708,2.2007594108581543,1024,1024,1
2022-08-29T01:43:46,rec.1024.relu-dense.128.tanh,1475968,545,20.035063982009888,0.1,0.1,64,512,17858560,3836082708,nan,1024,1024,1
2022-08-29T01:44:06,rec.512.relu-dense.128.tanh,492416,843,20.00625228881836,0.1,0.1,64,512,27623424,3836082708,nan,1024,1024,1
2022-08-29T01:44:27,gru.512.relu-dense.128.sigmoid,1279872,399,20.011210441589355,0.1,0.1,64,512,13074432,3836082708,nan,1024,1024,1
2022-08-29T01:44:47,suffix.2-gru.512.relu-dense.256.relu,1771520,535,20.00592827796936,0.2,0.1,32,512,8765440,3836082708,2.4625158309936523,1024,1024,1
2022-08-29T01:45:08,suffix.2-gru.512.relu-dense.256.relu,1771520,398,20.03101110458374,0.1,0.1,32,1024,13041664,3836082708,2.1964516639709473,1024,1024,1
2022-08-29T01:45:28,suffix.2-rec.1024.relu-dense.256.relu,1902080,730,20.014989137649536,0.1,0.1,32,512,11960320,3836082708,2.341297149658203,1024,1024,1
2022-08-29T01:45:48,suffix.2-gru.512.relu-dense.256.relu,1771520,468,20.019817113876343,0.1,0.1,64,256,7667712,3836082708,2.230675220489502,1024,1024,1
2022-08-29T01:46:09,suffix.2-dense.1024.relu-dense.256.relu,853504,1178,20.005300760269165,0.1,0.1,32,512,19300352,3836082708,3.018544912338257,1024,1024,1
2022-08-29T01:46:29,suffix.2-gru.512.relu-dense.256.relu,1771520,542,20.00100064277649,0.1,0.1,16,1024,8880128,3836082708,2.2484331130981445,1024,1024,1
2022-08-29T01:46:50,suffix.2-gru.512.relu-dense.256.relu-dense.128.tanh,1771648,510,20.005739212036133,0.1,0.1,32,512,8355840,3836082708,2.217174768447876,1024,1024,1
2022-08-29T01:47:10,suffix.2-gru.1024.relu-dense.256.relu,5049856,343,20.01900291442871,0.1,0.1,32,512,5619712,3836082708,2.2175111770629883,1024,1024,1
2022-08-29T01:47:31,suffix.2-gru.512.relu-dense.256.relu,1771520,661,20.002151250839233,0.1,0.1,32,256,5414912,3836082708,2.2399537563323975,1024,1024,1
2022-08-29T01:47:51,suffix.2-gru.512.relu-dense.128.relu,1673088,560,20.012027978897095,0.1,0.1,32,512,9175040,3836082708,2.2234504222869873,1024,1024,1
2022-08-29T01:48:12,suffix.2-gru.512.sigmoid-dense.256.relu,1771520,542,20.003015279769897,0.1,0.1,32,512,8880128,3836082708,2.6360838413238525,1024,1024,1
2022-08-29T01:48:32,suffix.2-gru.512.relu-dense.256.relu,1771520,545,20.00061011314392,0.05,0.1,32,512,8929280,3836082708,2.387845039367676,1024,1024,1
2022-08-29T01:48:53,suffix.2-rec.512.relu-dense.256.relu,721920,1118,20.012991905212402,0.1,0.1,32,512,18317312,3836082708,2.298036813735962,1024,1024,1
2022-08-29T01:49:13,suffix.2-lstm.512-dense.256.relu,2296320,445,20.029542684555054,0.1,0.1,32,512,7290880,3836082708,2.2628509998321533,1024,1024,1
2022-08-29T01:49:34,gru.512.relu-dense.256.relu,1378304,565,20.003408193588257,0.1,0.1,32,512,9256960,3836082708,2.2102231979370117,1024,1024,1
2022-08-29T01:49:54,suffix.2-gru.512.relu-dense.256.relu,1771520,767,20.018279552459717,0.1,0.1,16,512,6283264,3836082708,2.266378879547119,1024,1024,1
2022-08-29T01:50:14,suffix.2-gru.256.relu-dense.256.relu,722176,675,20.024380207061768,0.1,0.1,32,512,11059200,3836082708,2.249281644821167,1024,1024,1
2022-08-29T01:50:35,suffix.2-dense.512.relu-dense.256.relu,459776,1259,20.01561141014099,0.1,0.1,32,512,20627456,3836082708,3.019056558609009,1024,1024,1
2022-08-29T01:50:55,suffix.2-gru.512.relu-rec.256.relu,1837056,521,20.002992868423462,0.1,0.1,32,512,8536064,3836082708,2.249281644821167,1024,1024,1
2022-08-29T01:51:16,suffix.2-gru.512.relu-dense.512.relu,1968384,517,20.029051780700684,0.1,0.1,32,512,8470528,3836082708,2.1985559463500977,1024,1024,1
2022-08-29T01:51:36,suffix.2-gru.256.tanh-dense.256.tanh,722176,328,20.014732122421265,0.1,0.1,64,1024,21495808,3836082708,2.238628387451172,1024,1024,1
2022-08-29T01:51:57,suffix.2-gru.256.tanh-lstm.256,1181696,318,20.047554969787598,0.1,0.1,32,1024,10420224,3836082708,4.265510082244873,1024,1024,1
2022-08-29T01:52:17,suffix.2-gru.256.tanh-dense.256.sigmoid,722176,514,20.010552883148193,0.1,0.1,32,1024,16842752,3836082708,2.2265563011169434,1024,1024,1
2022-08-29T01:52:37,suffix.2-gru.256.relu-dense.256.tanh,722176,517,20.02322244644165,0.1,0.1,32,1024,16941056,3836082708,2.2953362464904785,1024,1024,1
2022-08-29T01:52:58,suffix.2-gru.256.tanh-dense.256.tanh,722176,520,20.019171476364136,0.05,0.1,32,1024,17039360,3836082708,2.3948214054107666,1024,1024,1
2022-08-29T01:53:18,suffix.2-lstm.256-dense.256.tanh,919040,456,20.03963828086853,0.1,0.1,32,1024,14942208,3836082708,2.357948064804077,1024,1024,1
2022-08-29T01:53:38,suffix.2-gru.256.tanh-rec.256.tanh,787712,421,20.02692151069641,0.1,0.1,32,1024,13795328,3836082708,2.4330451488494873,1024,1024,1
2022-08-29T01:53:59,suffix.2-gru.256.tanh-lstm.128,820736,361,20.000866413116455,0.1,0.1,32,1024,11829248,3836082708,2.3705217838287354,1024,1024,1
2022-08-29T01:54:19,suffix.2-gru.256.tanh-dense.256.tanh,722176,350,20.040594339370728,0.1,0.1,32,2048,22937600,3836082708,2.2075843811035156,1024,1024,1
2022-08-29T01:54:40,suffix.2-gru.256.tanh-dense.256.tanh-dense.128.tanh,722304,462,20.008556842803955,0.1,0.1,32,1024,15138816,3836082708,2.2595458030700684,1024,1024,1
2022-08-29T01:55:00,suffix.2-gru.256.tanh-dense.256.relu,722176,511,20.003623723983765,0.1,0.1,32,1024,16744448,3836082708,2.203956365585327,1024,1024,1
2022-08-29T01:55:20,suffix.3-gru.256.tanh-dense.256.tanh,918784,485,20.00727653503418,0.1,0.1,32,1024,15892480,3836082708,2.216839551925659,1024,1024,1
2022-08-29T01:55:41,suffix.2-dense.256.tanh-dense.256.tanh,262912,1120,20.00841188430786,0.1,0.1,32,1024,36700160,3836082708,3.0047216415405273,1024,1024,1
2022-08-29T01:56:01,suffix.2-gru.256.tanh-dense.512.tanh,853504,480,20.004159927368164,0.1,0.1,32,1024,15728640,3836082708,2.2411344051361084,1024,1024,1
2022-08-29T01:56:21,suffix.2-gru.256.tanh-gru.128.tanh,771456,391,20.051557540893555,0.1,0.1,32,1024,12812288,3836082708,2.2221791744232178,1024,1024,1
2022-08-29T01:56:42,suffix.2-gru.128.tanh-dense.256.tanh,344960,645,20.02190351486206,0.1,0.1,32,1024,21135360,3836082708,2.324228286743164,1024,1024,1
2022-08-29T01:57:02,suffix.2-gru.256.tanh-gru.256.tanh,1050368,350,20.015625,0.1,0.1,32,1024,11468800,3836082708,2.2529780864715576,1024,1024,1
2022-08-29T01:57:22,suffix.2-rec.256.tanh-dense.256.tanh,328448,927,20.018832445144653,0.1,0.1,32,1024,30375936,3836082708,2.807788610458374,1024,1024,1
2022-08-29T01:57:43,suffix.2-gru.256.tanh-dense.256.tanh,722176,515,20.03306794166565,0.2,0.1,32,1024,16875520,3836082708,2.873262405395508,1024,1024,1
2022-08-29T01:58:03,suffix.2-gru.256.tanh,656384,597,20.0221529006958,0.1,0.1,32,1024,19562496,3836082708,2.2493042945861816,1024,1024,1
2022-08-29T01:58:23,suffix.2-gru.256.tanh-dense.256.tanh,722176,712,20.018207788467407,0.1,0.1,16,1024,11665408,3836082708,2.280766010284424,1024,1024,1
2022-08-29T01:58:44,suffix.2-gru.256.tanh-dense.256.tanh,722176,531,20.02149987220764,0.1,0.1,16,2048,17399808,3836082708,2.242464303970337,1024,1024,1
2022-08-29T01:59:04,suffix.2-gru.256.sigmoid-dense.256.tanh,722176,497,20.018474817276,0.1,0.1,32,1024,16285696,3836082708,2.721280097961426,1024,1024,1
2022-08-29T01:59:25,suffix.2-gru.256.tanh-dense.256.tanh-dense.128.tanh,722304,408,20.029184579849243,0.1,0.1,64,512,13369344,3836082708,2.2563772201538086,1024,1024,1
2022-08-29T01:59:45,suffix.2-gru.256.tanh-gru.128.tanh,771456,337,20.00917410850525,0.1,0.1,64,512,11042816,3836082708,2.455946207046509,1024,1024,1
2022-08-29T02:00:05,suffix.2-gru.256.tanh-dense.128.tanh,656512,483,20.01832604408264,0.1,0.1,64,512,15826944,3836082708,2.2123019695281982,1024,1024,1
2022-08-29T02:00:26,suffix.2-dense.256.tanh-dense.256.tanh,262912,987,20.003775119781494,0.1,0.1,64,512,32342016,3836082708,2.9997916221618652,1024,1024,1
2022-08-29T02:00:46,suffix.2-gru.256.tanh-dense.256.tanh,722176,539,20.012216806411743,0.1,0.1,64,256,8830976,3836082708,2.2646663188934326,1024,1024,1
2022-08-29T02:01:06,suffix.2-gru.256.tanh-rec.256.tanh,787712,422,20.007347106933594,0.1,0.1,64,512,13828096,3836082708,2.424668073654175,1024,1024,1
2022-08-29T02:01:27,suffix.2-gru.256.tanh-lstm.128,820736,313,20.054520845413208,0.1,0.1,64,512,10256384,3836082708,2.344301223754883,1024,1024,1
2022-08-29T02:01:47,suffix.2-lstm.256-dense.256.tanh,919040,407,20.027034282684326,0.1,0.1,64,512,13336576,3836082708,5.283507823944092,1024,1024,1
2022-08-29T02:02:08,suffix.2-gru.256.tanh-gru.256.tanh,1050368,318,20.062418222427368,0.1,0.1,64,512,10420224,3836082708,2.2431790828704834,1024,1024,1
2022-08-29T02:02:28,suffix.3-gru.256.tanh-dense.256.tanh,918784,438,20.037503480911255,0.1,0.1,64,512,14352384,3836082708,2.1945836544036865,1024,1024,1
2022-08-29T02:02:48,suffix.2-gru.256.sigmoid-dense.256.tanh,722176,457,20.0050208568573,0.1,0.1,64,512,14974976,3836082708,2.72053599357605,1024,1024,1
2022-08-29T02:03:09,suffix.2-gru.256.tanh-lstm.256,1181696,251,20.008748531341553,0.1,0.1,64,512,8224768,3836082708,3.0230655670166016,1024,1024,1
2022-08-29T02:03:29,suffix.2-gru.256.tanh-dense.512.tanh,853504,426,20.02917981147766,0.1,0.1,64,512,13959168,3836082708,2.238981246948242,1024,1024,1
2022-08-29T02:03:50,suffix.2-gru.256.tanh-dense.256.tanh,722176,467,20.00083088874817,0.2,0.1,64,512,15302656,3836082708,2.4714512825012207,1024,1024,1
2022-08-29T02:04:10,suffix.2-gru.256.tanh-dense.256.tanh,722176,358,20.020342588424683,0.1,0.1,128,256,11730944,3836082708,2.264822244644165,1024,1024,1
2022-08-29T02:04:30,suffix.2-gru.256.tanh-dense.256.sigmoid,722176,450,20.007339477539062,0.1,0.1,64,512,14745600,3836082708,2.249229669570923,1024,1024,1
2022-08-29T02:04:51,suffix.2-gru.256.tanh-dense.256.tanh,722176,470,20.01605200767517,0.05,0.1,64,512,15400960,3836082708,2.4226136207580566,1024,1024,1
2022-08-29T02:05:11,suffix.2-gru.256.tanh,656384,537,20.016984224319458,0.1,0.1,64,512,17596416,3836082708,2.2659504413604736,1024,1024,1
2022-08-29T02:05:31,suffix.2-gru.128.tanh-dense.256.tanh,344960,555,20.01710081100464,0.1,0.1,64,512,18186240,3836082708,2.3132717609405518,1024,1024,1
2022-08-29T02:05:51,suffix.2-rec.256.tanh-dense.256.tanh,328448,816,20.007493495941162,0.1,0.1,64,512,26738688,3836082708,3.100980043411255,1024,1024,1
2022-08-29T02:06:12,suffix.2-gru.256.tanh-dense.256.relu,722176,452,20.020538568496704,0.1,0.1,64,512,14811136,3836082708,2.214881181716919,1024,1024,1
2022-08-29T02:06:32,suffix.2-gru.256.tanh-dense.256.tanh,722176,285,20.042712688446045,0.1,0.1,128,512,18677760,3836082708,2.263519287109375,1024,1024,1
2022-08-29T02:06:53,gru.512.tanh-dense.256.tanh-dense.128.tanh,1378432,519,20.034772157669067,0.1,0.1,32,512,8503296,3836082708,2.5801279544830322,1024,1024,1
2022-08-29T02:07:13,gru.512.tanh-dense.128.tanh,1279872,561,20.002464294433594,0.1,0.1,32,512,9191424,3836082708,2.2437150478363037,1024,1024,1
2022-08-29T02:07:33,gru.512.tanh-dense.256.relu,1378304,569,20.004213333129883,0.1,0.1,32,512,9322496,3836082708,2.2474498748779297,1024,1024,1
2022-08-29T02:07:54,gru.512.tanh-rec.256.tanh,1443840,532,20.022688627243042,0.1,0.1,32,512,8716288,3836082708,3.7947466373443604,1024,1024,1
2022-08-29T02:08:14,rec.1024.tanh-dense.256.tanh,1639936,811,20.0160174369812,0.1,0.1,32,512,13287424,3836082708,4.676575183868408,1024,1024,1
2022-08-29T02:08:34,dense.1024.tanh-dense.256.tanh,591360,1249,20.008106231689453,0.1,0.1,32,512,20463616,3836082708,3.673403263092041,1024,1024,1
2022-08-29T02:08:55,gru.512.tanh-dense.256.tanh,1378304,539,20.00520968437195,0.05,0.1,32,512,8830976,3836082708,2.3579554557800293,1024,1024,1
2022-08-29T02:09:15,gru.512.tanh-dense.512.tanh,1575168,537,20.032567262649536,0.1,0.1,32,512,8798208,3836082708,2.254871129989624,1024,1024,1
2022-08-29T02:09:36,gru.512.tanh-dense.256.tanh,1378304,756,20.029091119766235,0.1,0.1,16,512,6193152,3836082708,2.2889914512634277,1024,1024,1
2022-08-29T02:09:56,gru.512.tanh-gru.256.tanh,1837568,393,20.000776290893555,0.1,0.1,32,512,6438912,3836082708,2.4095511436462402,1024,1024,1
2022-08-29T02:10:17,gru.512.tanh-dense.256.tanh,1378304,557,20.028769731521606,0.2,0.1,32,512,9125888,3836082708,5.973574638366699,1024,1024,1
2022-08-29T02:10:37,gru.1024.tanh-dense.256.tanh,4263424,376,20.00123882293701,0.1,0.1,32,512,6160384,3836082708,4.558872222900391,1024,1024,1
2022-08-29T02:10:58,gru.512.tanh-dense.256.tanh,1378304,726,20.014023303985596,0.1,0.1,32,256,5947392,3836082708,2.224813222885132,1024,1024,1
2022-08-29T02:11:18,gru.512.sigmoid-dense.256.tanh,1378304,542,20.014694452285767,0.1,0.1,32,512,8880128,3836082708,2.764251947402954,1024,1024,1
2022-08-29T02:11:39,gru.512.tanh-gru.128.tanh,1460352,431,20.04231357574463,0.1,0.1,32,512,7061504,3836082708,2.555311918258667,1024,1024,1
2022-08-29T02:11:59,gru.512.tanh-lstm.256,2034432,362,20.027029514312744,0.1,0.1,32,512,5931008,3836082708,54.0456428527832,1024,1024,1
2022-08-29T02:12:20,gru.512.tanh-lstm.128,1542400,388,20.03696370124817,0.1,0.1,32,512,6356992,3836082708,10.084901809692383,1024,1024,1
2022-08-29T02:12:40,gru.512.tanh,1312512,620,20.006428956985474,0.1,0.1,32,512,10158080,3836082708,2.396010398864746,1024,1024,1
2022-08-29T02:13:01,gru.512.tanh-dense.256.tanh,1378304,481,20.01894450187683,0.1,0.1,64,256,7880704,3836082708,3.753258466720581,1024,1024,1
2022-08-29T02:13:21,dense.512.tanh-dense.256.tanh,328704,1289,20.028419494628906,0.1,0.1,32,512,21118976,3836082708,3.66194224357605,1024,1024,1
2022-08-29T02:13:41,lstm.512-dense.256.tanh,1772032,483,20.041281938552856,0.1,0.1,32,512,7913472,3836082708,2.458207607269287,1024,1024,1
2022-08-29T02:14:02,gru.512.tanh-dense.256.sigmoid,1378304,552,20.020431995391846,0.1,0.1,32,512,9043968,3836082708,2.2118396759033203,1024,1024,1
2022-08-29T02:14:22,suffix.3-gru.512.tanh-dense.128.tanh-dense.128.tanh,2082816,342,20.04787802696228,0.1,0.1,32,1024,11206656,3836082708,2.313056468963623,1024,1024,1
2022-08-29T02:14:43,suffix.3-gru.512.tanh-dense.64.tanh,2017088,392,20.035923957824707,0.1,0.1,32,1024,12845056,3836082708,2.2264981269836426,1024,1024,1
2022-08-29T02:15:03,suffix.3-gru.512.tanh,2098944,386,20.009426593780518,0.1,0.1,32,1024,12648448,3836082708,2.2296178340911865,1024,1024,1
2022-08-29T02:15:24,suffix.3-gru.512.tanh-lstm.128,2328832,287,20.051653623580933,0.1,0.1,32,1024,9404416,3836082708,5.767765045166016,1024,1024,1
2022-08-29T02:15:45,suffix.3-gru.512.tanh-rec.128.tanh,2082688,374,20.047702312469482,0.1,0.1,32,1024,12255232,3836082708,2.3320388793945312,1024,1024,1
2022-08-29T02:16:05,suffix.3-gru.512.tanh-dense.128.tanh,2066304,389,20.015338897705078,0.2,0.1,32,1024,12746752,3836082708,4.738302230834961,1024,1024,1
2022-08-29T02:16:25,suffix.3-rec.512.tanh-dense.128.tanh,754560,753,20.00311303138733,0.1,0.1,32,1024,24674304,3836082708,4.688569068908691,1024,1024,1
2022-08-29T02:16:46,suffix.3-rec.1024.tanh-dense.128.tanh,2000256,508,20.00394368171692,0.1,0.1,32,1024,16646144,3836082708,4.858321189880371,1024,1024,1
2022-08-29T02:17:06,suffix.3-gru.512.tanh-dense.128.tanh,2066304,361,20.02829623222351,0.05,0.1,32,1024,11829248,3836082708,2.3898537158966064,1024,1024,1
2022-08-29T02:17:27,suffix.3-gru.512.tanh-dense.128.sigmoid,2066304,381,20.026407480239868,0.1,0.1,32,1024,12484608,3836082708,2.428304672241211,1024,1024,1
2022-08-29T02:17:48,suffix.3-gru.512.tanh-gru.128.tanh,2246784,299,20.060851335525513,0.1,0.1,32,1024,9797632,3836082708,2.2584497928619385,1024,1024,1
2022-08-29T02:18:08,suffix.3-dense.1024.tanh-dense.128.tanh,951680,737,20.00070071220398,0.1,0.1,32,1024,24150016,3836082708,2.6606664657592773,1024,1024,1
2022-08-29T02:18:28,suffix.3-gru.512.tanh-dense.128.relu,2066304,356,20.04051899909973,0.1,0.1,32,1024,11665408,3836082708,2.241579294204712,1024,1024,1
2022-08-29T02:18:49,suffix.4-gru.512.tanh-dense.128.tanh,2459520,292,20.04422092437744,0.1,0.1,32,1024,9568256,3836082708,2.305086374282837,1024,1024,1
2022-08-29T02:19:09,suffix.3-dense.512.tanh-dense.128.tanh,492416,987,20.002777099609375,0.1,0.1,32,1024,32342016,3836082708,2.648529291152954,1024,1024,1
2022-08-29T02:19:30,suffix.3-gru.512.tanh-dense.128.tanh,2066304,240,20.08422017097473,0.1,0.1,32,2048,15728640,3836082708,2.2640933990478516,1024,1024,1
2022-08-29T02:19:50,suffix.3-gru.512.tanh-dense.128.tanh,2066304,532,20.032545566558838,0.1,0.1,16,1024,8716288,3836082708,2.2577335834503174,1024,1024,1
2022-08-29T02:20:11,suffix.3-gru.1024.tanh-dense.128.tanh,5672320,209,20.01924228668213,0.1,0.1,32,1024,6848512,3836082708,4.852818489074707,1024,1024,1
2022-08-29T02:20:32,suffix.3-gru.512.tanh-dense.128.tanh,2066304,360,20.051591873168945,0.1,0.1,16,2048,11796480,3836082708,2.2472171783447266,1024,1024,1
2022-08-29T02:20:52,suffix.3-gru.512.tanh-gru.64.tanh,2095040,295,20.023159742355347,0.1,0.1,32,1024,9666560,3836082708,2.334362030029297,1024,1024,1
2022-08-29T02:21:13,suffix.3-gru.512.tanh-lstm.64,2131968,283,20.016106367111206,0.1,0.1,32,1024,9273344,3836082708,6.802154541015625,1024,1024,1
2022-08-29T02:21:33,suffix.3-gru.256.tanh-dense.128.tanh,853120,515,20.032574892044067,0.1,0.1,32,1024,16875520,3836082708,2.191343069076538,1024,1024,1
2022-08-29T02:21:54,suffix.3-gru.256.tanh-dense.64.tanh,820288,506,20.016774892807007,0.1,0.1,32,1024,16580608,3836082708,2.270904064178467,1024,1024,1
2022-08-29T02:22:14,suffix.3-gru.256.tanh-dense.128.tanh,853120,499,20.018380403518677,0.2,0.1,32,1024,16351232,3836082708,4.390571117401123,1024,1024,1
2022-08-29T02:22:35,suffix.3-lstm.256-dense.128.tanh,1115520,442,20.010043144226074,0.1,0.1,32,1024,14483456,3836082708,2.3138279914855957,1024,1024,1
2022-08-29T02:22:55,suffix.3-gru.256.tanh-rec.128.tanh,869504,490,20.034039735794067,0.1,0.1,32,1024,16056320,3836082708,2.2696664333343506,1024,1024,1
2022-08-29T02:23:15,suffix.3-gru.256.tanh-gru.128.tanh,968064,386,20.011908054351807,0.1,0.1,32,1024,12648448,3836082708,2.4197845458984375,1024,1024,1
2022-08-29T02:23:36,suffix.3-gru.256.tanh-lstm.64,886016,368,20.053223371505737,0.1,0.1,32,1024,12058624,3836082708,3.421083688735962,1024,1024,1
2022-08-29T02:23:56,suffix.3-gru.256.tanh-dense.128.tanh,853120,699,20.002736806869507,0.1,0.1,16,1024,11452416,3836082708,2.2922098636627197,1024,1024,1
2022-08-29T02:24:17,suffix.3-gru.256.tanh-dense.128.tanh,853120,332,20.019514560699463,0.1,0.1,32,2048,21757952,3836082708,2.3445851802825928,1024,1024,1
2022-08-29T02:24:37,suffix.4-gru.256.tanh-dense.128.tanh,1049728,501,20.00644040107727,0.1,0.1,32,1024,16416768,3836082708,2.234492540359497,1024,1024,1
2022-08-29T02:24:58,suffix.3-gru.256.tanh-lstm.128,1017344,339,20.038695573806763,0.1,0.1,32,1024,11108352,3836082708,3.0286965370178223,1024,1024,1
2022-08-29T02:25:18,suffix.3-dense.256.tanh-dense.128.tanh,262784,1080,20.008660316467285,0.1,0.1,32,1024,35389440,3836082708,2.667821168899536,1024,1024,1
2022-08-29T02:25:38,suffix.3-rec.256.tanh-dense.128.tanh,328320,935,20.004674911499023,0.1,0.1,32,1024,30638080,3836082708,2.8794853687286377,1024,1024,1
2022-08-29T02:25:58,suffix.3-gru.256.sigmoid-dense.128.tanh,853120,496,20.013190507888794,0.1,0.1,32,1024,16252928,3836082708,2.7179505825042725,1024,1024,1
2022-08-29T02:26:19,suffix.3-gru.256.tanh-dense.128.tanh,853120,673,20.022942304611206,0.1,0.1,32,512,11026432,3836082708,2.24364972114563,1024,1024,1
2022-08-29T02:26:39,suffix.3-gru.128.tanh-dense.128.tanh,393984,523,20.00734829902649,0.1,0.1,32,1024,17137664,3836082708,2.3333609104156494,1024,1024,1
2022-08-29T02:27:00,suffix.3-gru.256.tanh-dense.128.tanh,853120,506,20.025929927825928,0.05,0.1,32,1024,16580608,3836082708,2.4701039791107178,1024,1024,1
2022-08-29T02:27:20,suffix.3-gru.256.tanh-dense.128.tanh,853120,345,20.008593320846558,0.1,0.1,64,1024,22609920,3836082708,2.2201905250549316,1024,1024,1
2022-08-29T02:27:40,suffix.3-gru.256.tanh,852992,547,20.031320095062256,0.1,0.1,32,1024,17924096,3836082708,2.2642786502838135,1024,1024,1
2022-08-29T02:28:01,suffix.3-gru.256.tanh-dense.128.relu,853120,522,20.020830869674683,0.1,0.1,32,1024,17104896,3836082708,2.255125045776367,1024,1024,1
2022-08-29T02:28:21,suffix.3-gru.256.tanh-gru.64.tanh,865472,402,20.021928548812866,0.1,0.1,32,1024,13172736,3836082708,2.310586452484131,1024,1024,1
2022-08-29T02:28:42,suffix.3-gru.256.tanh-dense.128.tanh,853120,491,20.01741647720337,0.1,0.1,16,2048,16089088,3836082708,2.246722459793091,1024,1024,1
2022-08-29T02:29:02,suffix.3-gru.256.tanh-dense.128.tanh-dense.128.tanh,869632,468,20.015286207199097,0.1,0.1,32,1024,15335424,3836082708,2.240720510482788,1024,1024,1
2022-08-29T02:29:22,suffix.3-gru.256.tanh-dense.128.sigmoid,853120,493,20.0069739818573,0.1,0.1,32,1024,16154624,3836082708,2.241610050201416,1024,1024,1
2022-08-29T02:29:43,suffix.3-gru.512.relu-dense.512.relu,2361600,317,20.0461266040802,0.1,0.1,64,512,10387456,3836082708,2.1643848419189453,1024,1024,1
2022-08-29T02:30:04,suffix.3-gru.512.relu-dense.512.relu,2361600,215,20.058369874954224,0.1,0.1,64,1024,14090240,3836082708,2.220024347305298,1024,1024,1
2022-08-29T02:30:24,suffix.3-gru.512.relu-dense.512.relu,2361600,254,20.029982328414917,0.1,0.1,128,256,8323072,3836082708,2.2011919021606445,1024,1024,1
2022-08-29T02:30:45,suffix.3-gru.512.relu-dense.512.relu,2361600,495,20.021647691726685,0.1,0.1,32,512,8110080,3836082708,2.2086236476898193,1024,1024,1
2022-08-29T02:31:05,suffix.3-gru.512.tanh-dense.512.relu,2361600,317,20.0381498336792,0.1,0.1,64,512,10387456,3836082708,2.1692583560943604,1024,1024,1
2022-08-29T02:31:26,suffix.3-dense.512.relu-dense.512.relu,787712,759,20.00075340270996,0.1,0.1,64,512,24870912,3836082708,2.5955634117126465,1024,1024,1
2022-08-29T02:31:47,suffix.3-gru.512.relu-gru.512.tanh,3673344,209,20.14340114593506,0.1,0.1,64,512,6848512,3836082708,2.6962318420410156,1024,1024,1
2022-08-29T02:32:07,suffix.3-gru.256.relu-dense.512.relu,1050112,423,20.013850688934326,0.1,0.1,64,512,13860864,3836082708,2.2668051719665527,1024,1024,1
2022-08-29T02:32:27,suffix.3-gru.512.relu-dense.512.relu,2361600,320,20.056861400604248,0.05,0.1,64,512,10485760,3836082708,2.425544023513794,1024,1024,1
2022-08-29T02:32:48,suffix.3-rec.1024.relu-dense.512.relu,2492160,431,20.016552925109863,0.1,0.1,64,512,14123008,3836082708,nan,1024,1024,1
